"../../../Engine/Plugins/2D/Paper2D/Content/PlaceholderTextures/DummySpriteTexture.ubulk" 0
"../../../Engine/Plugins/2D/Paper2D/Content/PlaceholderTextures/DummySpriteTexture.uasset" 1
"../../../Engine/Plugins/2D/Paper2D/Content/PlaceholderTextures/DummySpriteTexture.uexp" 2
"../../../Engine/Plugins/2D/Paper2D/Content/DummySprite.uasset" 3
"../../../Engine/Plugins/2D/Paper2D/Content/DummySprite.uexp" 4
"../../../Engine/Plugins/2D/Paper2D/Content/DefaultPaperTerrainMaterial.uasset" 5
"../../../Engine/Plugins/2D/Paper2D/Content/DefaultPaperTerrainMaterial.uexp" 6
"../../../Engine/Plugins/Interchange/Runtime/Content/Pipelines/DefaultTexturePipeline.uasset" 7
"../../../Engine/Plugins/Interchange/Runtime/Content/Pipelines/DefaultTexturePipeline.uexp" 8
"../../../Engine/Plugins/Interchange/Runtime/Content/Pipelines/DefaultSceneLevelPipeline.uasset" 9
"../../../Engine/Plugins/Interchange/Runtime/Content/Pipelines/DefaultSceneLevelPipeline.uexp" 10
"../../../Engine/Plugins/Interchange/Runtime/Content/Pipelines/DefaultSceneAssetsPipeline.uasset" 11
"../../../Engine/Plugins/Interchange/Runtime/Content/Pipelines/DefaultSceneAssetsPipeline.uexp" 12
"../../../Engine/Plugins/Interchange/Runtime/Content/Pipelines/DefaultMaterialXPipeline.uasset" 13
"../../../Engine/Plugins/Interchange/Runtime/Content/Pipelines/DefaultMaterialXPipeline.uexp" 14
"../../../Engine/Plugins/Interchange/Runtime/Content/Pipelines/DefaultMaterialPipeline.uasset" 15
"../../../Engine/Plugins/Interchange/Runtime/Content/Pipelines/DefaultMaterialPipeline.uexp" 16
"../../../Engine/Plugins/Interchange/Runtime/Content/Pipelines/DefaultGLTFSceneAssetsPipeline.uasset" 17
"../../../Engine/Plugins/Interchange/Runtime/Content/Pipelines/DefaultGLTFSceneAssetsPipeline.uexp" 18
"../../../Engine/Plugins/Interchange/Runtime/Content/Pipelines/DefaultGLTFPipeline.uasset" 19
"../../../Engine/Plugins/Interchange/Runtime/Content/Pipelines/DefaultGLTFPipeline.uexp" 20
"../../../Engine/Plugins/Interchange/Runtime/Content/Pipelines/DefaultGLTFAssetsPipeline.uasset" 21
"../../../Engine/Plugins/Interchange/Runtime/Content/Pipelines/DefaultGLTFAssetsPipeline.uexp" 22
"../../../Engine/Plugins/Interchange/Runtime/Content/Pipelines/DefaultAssetsPipeline.uasset" 23
"../../../Engine/Plugins/Interchange/Runtime/Content/Pipelines/DefaultAssetsPipeline.uexp" 24
"../../../Engine/Plugins/Animation/ControlRig/Content/Controls/DefaultGizmoLibraryNormalized.uasset" 25
"../../../Engine/Plugins/Animation/ControlRig/Content/Controls/DefaultGizmoLibraryNormalized.uexp" 26
"../../../Engine/Content/EngineSounds/Master.uasset" 27
"../../../Engine/Content/EngineSounds/Master.uexp" 28
"../../../Engine/Content/EngineMaterials/DefaultPhysicalMaterial.uasset" 29
"../../../Engine/Content/EngineMaterials/DefaultPhysicalMaterial.uexp" 30
"../../../Engine/Content/EngineMaterials/DefaultDestructiblePhysicalMaterial.uasset" 31
"../../../Engine/Content/EngineMaterials/DefaultDestructiblePhysicalMaterial.uexp" 32
"../../../Engine/Content/EngineFonts/Faces/RobotoLight.uexp" 33
"../../../Engine/Content/EngineFonts/Faces/RobotoLight.uasset" 34
"../../../Engine/Content/EngineFonts/Faces/RobotoLight.ufont" 35
"../../../Engine/Content/EngineFonts/Faces/RobotoBold.uexp" 36
"../../../Engine/Content/EngineFonts/Faces/RobotoBold.uasset" 37
"../../../Engine/Content/EngineFonts/Faces/RobotoBold.ufont" 38
"../../../Engine/Content/EngineFonts/Faces/RobotoRegular.uexp" 39
"../../../Engine/Content/EngineFonts/Faces/RobotoRegular.uasset" 40
"../../../Engine/Content/EngineFonts/Faces/RobotoRegular.ufont" 41
"../../../Engine/Content/EngineFonts/Faces/DroidSansFallback.uexp" 42
"../../../Engine/Content/EngineFonts/Faces/DroidSansFallback.uasset" 43
"../../../Engine/Content/EngineFonts/Faces/DroidSansFallback.ufont" 44
"../../../Engine/Content/EngineFonts/Faces/RobotoItalic.uexp" 45
"../../../Engine/Content/EngineFonts/Faces/RobotoItalic.uasset" 46
"../../../Engine/Content/EngineFonts/Faces/RobotoItalic.ufont" 47
"../../../Engine/Content/EngineFonts/Faces/RobotoBoldItalic.uexp" 48
"../../../Engine/Content/EngineFonts/Faces/RobotoBoldItalic.uasset" 49
"../../../Engine/Content/EngineFonts/Faces/RobotoBoldItalic.ufont" 50
"../../../Engine/Content/EngineFonts/Roboto.uasset" 51
"../../../Engine/Content/EngineFonts/Roboto.uexp" 52
"../../../Engine/Content/Animation/DefaultRecorderBoneCompression.uasset" 53
"../../../Engine/Content/Animation/DefaultRecorderBoneCompression.uexp" 54
"../../../Engine/Content/MobileResources/HUD/VirtualJoystick_Background.uasset" 55
"../../../Engine/Content/MobileResources/HUD/VirtualJoystick_Background.uexp" 56
"../../../Engine/Content/MobileResources/HUD/VirtualJoystick_Thumb.uasset" 57
"../../../Engine/Content/MobileResources/HUD/VirtualJoystick_Thumb.uexp" 58
"../../../Engine/Content/MobileResources/HUD/DefaultVirtualJoysticks.uasset" 59
"../../../Engine/Content/MobileResources/HUD/DefaultVirtualJoysticks.uexp" 60
"../../../Engine/Content/EditorResources/S_Actor.ubulk" 61
"../../../Engine/Content/EditorResources/S_Actor.uasset" 62
"../../../Engine/Content/EditorResources/S_Actor.uexp" 63
"../../../Engine/Content/EditorResources/S_BoxReflectionCapture.uasset" 64
"../../../Engine/Content/EditorResources/S_BoxReflectionCapture.uexp" 65
"../../../Engine/Content/EngineResources/DefaultTexture.ubulk" 66
"../../../Engine/Content/EngineResources/DefaultTexture.uasset" 67
"../../../Engine/Content/EngineResources/DefaultTexture.uexp" 68
"../../../Engine/Content/EngineResources/DefaultTextureCube.uasset" 69
"../../../Engine/Content/EngineResources/DefaultTextureCube.uexp" 70
"../../../Engine/Content/EngineResources/DefaultVolumeTexture2D.uasset" 71
"../../../Engine/Content/EngineResources/DefaultVolumeTexture2D.uexp" 72
"../../../Engine/Content/EngineResources/DefaultVolumeTexture.uasset" 73
"../../../Engine/Content/EngineResources/DefaultVolumeTexture.uexp" 74
"../../../Engine/Content/Functions/Engine_MaterialFunctions02/WorldPositionOffset/CameraOffset.uasset" 75
"../../../Engine/Content/Functions/Engine_MaterialFunctions02/WorldPositionOffset/CameraOffset.uexp" 76
"../../../Engine/Plugins/Animation/ControlRig/Content/M_Manip.uasset" 77
"../../../Engine/Plugins/Animation/ControlRig/Content/M_Manip.uexp" 78
"../../../Engine/Plugins/Runtime/MeshModelingToolset/Content/Materials/M_DynamicMeshComponentVtxColor.uasset" 79
"../../../Engine/Plugins/Runtime/MeshModelingToolset/Content/Materials/M_DynamicMeshComponentVtxColor.uexp" 80
"../../../Engine/Plugins/Runtime/HairStrands/Content/Materials/HairMeshesDefaultMaterial.uasset" 81
"../../../Engine/Plugins/Runtime/HairStrands/Content/Materials/HairMeshesDefaultMaterial.uexp" 82
"../../../Engine/Plugins/Runtime/HairStrands/Content/Materials/HairDefaultMaterial.uasset" 83
"../../../Engine/Plugins/Runtime/HairStrands/Content/Materials/HairDefaultMaterial.uexp" 84
"../../../Engine/Plugins/Runtime/HairStrands/Content/Materials/HairGroupColors.uasset" 85
"../../../Engine/Plugins/Runtime/HairStrands/Content/Materials/HairGroupColors.uexp" 86
"../../../Engine/Content/Functions/Engine_MaterialFunctions02/Utility/MakeFloat2.uasset" 87
"../../../Engine/Content/Functions/Engine_MaterialFunctions02/Utility/MakeFloat2.uexp" 88
"../../../Engine/Content/Functions/Engine_MaterialFunctions02/Utility/MakeFloat3.uasset" 89
"../../../Engine/Content/Functions/Engine_MaterialFunctions02/Utility/MakeFloat3.uexp" 90
"../../../Engine/Content/EngineMaterials/HairColorMap.uasset" 91
"../../../Engine/Content/EngineMaterials/HairColorMap.uexp" 92
"../../../Engine/Content/EngineMaterials/HairDebugColor.uasset" 93
"../../../Engine/Content/EngineMaterials/HairDebugColor.uexp" 94
"../../../Engine/Plugins/Runtime/HairStrands/Content/Materials/HairDebugMaterial.uasset" 95
"../../../Engine/Plugins/Runtime/HairStrands/Content/Materials/HairDebugMaterial.uexp" 96
"../../../Engine/Plugins/Runtime/HairStrands/Content/Materials/HairCardsDefaultMaterial.uasset" 97
"../../../Engine/Plugins/Runtime/HairStrands/Content/Materials/HairCardsDefaultMaterial.uexp" 98
"../../../Engine/Plugins/Runtime/AudioWidgets/Content/Resources/ScrubHandleDown_Clamped.uasset" 99
"../../../Engine/Plugins/Runtime/AudioWidgets/Content/Resources/ScrubHandleDown_Clamped.uexp" 100
"../../../Engine/Plugins/Interchange/Assets/Content/Functions/MX_UsdPreviewSurface.uasset" 101
"../../../Engine/Plugins/Interchange/Assets/Content/Functions/MX_UsdPreviewSurface.uexp" 102
"../../../Engine/Plugins/Interchange/Assets/Content/Functions/MX_UniformEDF.uasset" 103
"../../../Engine/Plugins/Interchange/Assets/Content/Functions/MX_UniformEDF.uexp" 104
"../../../Engine/Plugins/Interchange/Assets/Content/Functions/MX_TranslucentBSDF.uasset" 105
"../../../Engine/Plugins/Interchange/Assets/Content/Functions/MX_TranslucentBSDF.uexp" 106
"../../../Engine/Plugins/Interchange/Assets/Content/Functions/MX_ThinFilmBSDF.uasset" 107
"../../../Engine/Plugins/Interchange/Assets/Content/Functions/MX_ThinFilmBSDF.uexp" 108
"../../../Engine/Plugins/Interchange/Assets/Content/Functions/MX_SurfaceUnlit.uasset" 109
"../../../Engine/Plugins/Interchange/Assets/Content/Functions/MX_SurfaceUnlit.uexp" 110
"../../../Engine/Plugins/Interchange/Assets/Content/Functions/MX_Surface.uasset" 111
"../../../Engine/Plugins/Interchange/Assets/Content/Functions/MX_Surface.uexp" 112
"../../../Engine/Plugins/Interchange/Assets/Content/Functions/MX_SubsurfaceBSDF.uasset" 113
"../../../Engine/Plugins/Interchange/Assets/Content/Functions/MX_SubsurfaceBSDF.uexp" 114
"../../../Engine/Plugins/Interchange/Assets/Content/Functions/MX_SheenBSDF.uasset" 115
"../../../Engine/Plugins/Interchange/Assets/Content/Functions/MX_SheenBSDF.uexp" 116
"../../../Engine/Plugins/Interchange/Assets/Content/Functions/MX_OrenNayarBSDF.uasset" 117
"../../../Engine/Plugins/Interchange/Assets/Content/Functions/MX_OrenNayarBSDF.uexp" 118
"../../../Engine/Plugins/Interchange/Assets/Content/Utilities/New_LUT.uasset" 119
"../../../Engine/Plugins/Interchange/Assets/Content/Utilities/New_LUT.uexp" 120
"../../../Engine/Content/Functions/Engine_MaterialFunctions03/Math/RemapValueRange.uasset" 121
"../../../Engine/Content/Functions/Engine_MaterialFunctions03/Math/RemapValueRange.uexp" 122
"../../../Engine/Plugins/Interchange/Assets/Content/Functions/MF_Iridescence.uasset" 123
"../../../Engine/Plugins/Interchange/Assets/Content/Functions/MF_Iridescence.uexp" 124
"../../../Engine/Plugins/Interchange/Assets/Content/Functions/MX_StandardSurface.uasset" 125
"../../../Engine/Plugins/Interchange/Assets/Content/Functions/MX_StandardSurface.uexp" 126
"../../../Engine/Plugins/Interchange/Assets/Content/Functions/MX_TransmissionSurface.uasset" 127
"../../../Engine/Plugins/Interchange/Assets/Content/Functions/MX_TransmissionSurface.uexp" 128
"../../../Engine/Plugins/Interchange/Assets/Content/Functions/MX_OpenPBR_Translucent.uasset" 129
"../../../Engine/Plugins/Interchange/Assets/Content/Functions/MX_OpenPBR_Translucent.uexp" 130
"../../../Engine/Plugins/Interchange/Assets/Content/Functions/MX_OpenPBR_Opaque.uasset" 131
"../../../Engine/Plugins/Interchange/Assets/Content/Functions/MX_OpenPBR_Opaque.uexp" 132
"../../../Engine/Plugins/Interchange/Assets/Content/Functions/MX_MeasuredEDF.uasset" 133
"../../../Engine/Plugins/Interchange/Assets/Content/Functions/MX_MeasuredEDF.uexp" 134
"../../../Engine/Plugins/Interchange/Assets/Content/Functions/MX_GeneralizedSchlickBSDF.uasset" 135
"../../../Engine/Plugins/Interchange/Assets/Content/Functions/MX_GeneralizedSchlickBSDF.uexp" 136
"../../../Engine/Plugins/Interchange/Assets/Content/Functions/MX_DielectricBSDF.uasset" 137
"../../../Engine/Plugins/Interchange/Assets/Content/Functions/MX_DielectricBSDF.uexp" 138
"../../../Engine/Plugins/Interchange/Assets/Content/Functions/MX_ConicalEDF.uasset" 139
"../../../Engine/Plugins/Interchange/Assets/Content/Functions/MX_ConicalEDF.uexp" 140
"../../../Engine/Plugins/Interchange/Assets/Content/Functions/MX_ConductorBSDF.uasset" 141
"../../../Engine/Plugins/Interchange/Assets/Content/Functions/MX_ConductorBSDF.uexp" 142
"../../../Engine/Plugins/Interchange/Assets/Content/Functions/MX_BurleyDiffuseBSDF.uasset" 143
"../../../Engine/Plugins/Interchange/Assets/Content/Functions/MX_BurleyDiffuseBSDF.uexp" 144
"../../../Engine/Plugins/Interchange/Assets/Content/Functions/MX_AnisotropicVDF.uasset" 145
"../../../Engine/Plugins/Interchange/Assets/Content/Functions/MX_AnisotropicVDF.uexp" 146
"../../../Engine/Plugins/Interchange/Assets/Content/Functions/MX_AbsorptionVDF.uasset" 147
"../../../Engine/Plugins/Interchange/Assets/Content/Functions/MX_AbsorptionVDF.uexp" 148
"../../../Engine/Plugins/Editor/SpeedTreeImporter/Content/SpeedTree9/game_wind_noise.ubulk" 149
"../../../Engine/Plugins/Editor/SpeedTreeImporter/Content/SpeedTree9/game_wind_noise.uasset" 150
"../../../Engine/Plugins/Editor/SpeedTreeImporter/Content/SpeedTree9/game_wind_noise.uexp" 151
"../../../Engine/Plugins/Editor/SpeedTreeImporter/Content/SpeedTree9/UnpackDirection.uasset" 152
"../../../Engine/Plugins/Editor/SpeedTreeImporter/Content/SpeedTree9/UnpackDirection.uexp" 153
"../../../Engine/Content/Functions/Engine_MaterialFunctions02/ObjectLocalBounds.uasset" 154
"../../../Engine/Content/Functions/Engine_MaterialFunctions02/ObjectLocalBounds.uexp" 155
"../../../Engine/Content/Functions/Engine_MaterialFunctions02/Utility/BreakOutFloat3Components.uasset" 156
"../../../Engine/Content/Functions/Engine_MaterialFunctions02/Utility/BreakOutFloat3Components.uexp" 157
"../../../Engine/Content/Functions/Engine_MaterialFunctions02/UVs/BoundingBoxBased_0-1_UVW.uasset" 158
"../../../Engine/Content/Functions/Engine_MaterialFunctions02/UVs/BoundingBoxBased_0-1_UVW.uexp" 159
"../../../Engine/Content/Functions/Engine_MaterialFunctions02/Utility/VectorLength.uasset" 160
"../../../Engine/Content/Functions/Engine_MaterialFunctions02/Utility/VectorLength.uexp" 161
"../../../Engine/Plugins/Editor/SpeedTreeImporter/Content/SpeedTree9/UnpackInteger3.uasset" 162
"../../../Engine/Plugins/Editor/SpeedTreeImporter/Content/SpeedTree9/UnpackInteger3.uexp" 163
"../../../Engine/Plugins/Editor/SpeedTreeImporter/Content/SpeedTree9/SpeedTreeCameraFacing.uasset" 164
"../../../Engine/Plugins/Editor/SpeedTreeImporter/Content/SpeedTree9/SpeedTreeCameraFacing.uexp" 165
"../../../Engine/Content/Functions/Engine_MaterialFunctions02/WorldPositionOffset/ObjectScale.uasset" 166
"../../../Engine/Content/Functions/Engine_MaterialFunctions02/WorldPositionOffset/ObjectScale.uexp" 167
"../../../Engine/Content/Functions/Engine_MaterialFunctions02/SafeNormalize.uasset" 168
"../../../Engine/Content/Functions/Engine_MaterialFunctions02/SafeNormalize.uexp" 169
"../../../Engine/Plugins/Editor/SpeedTreeImporter/Content/SpeedTree9/SpeedTreeWindMotion.uasset" 170
"../../../Engine/Plugins/Editor/SpeedTreeImporter/Content/SpeedTree9/SpeedTreeWindMotion.uexp" 171
"../../../Engine/Plugins/Editor/SpeedTreeImporter/Content/SpeedTree9/SpeedTreeBranchMotion.uasset" 172
"../../../Engine/Plugins/Editor/SpeedTreeImporter/Content/SpeedTree9/SpeedTreeBranchMotion.uexp" 173
"../../../Engine/Plugins/Editor/SpeedTreeImporter/Content/SpeedTree9/SpeedTreeWind.uasset" 174
"../../../Engine/Plugins/Editor/SpeedTreeImporter/Content/SpeedTree9/SpeedTreeWind.uexp" 175
"../../../Engine/Plugins/Editor/SpeedTreeImporter/Content/SpeedTree9/EmptyNormal.uasset" 176
"../../../Engine/Plugins/Editor/SpeedTreeImporter/Content/SpeedTree9/EmptyNormal.uexp" 177
"../../../Engine/Plugins/Editor/SpeedTreeImporter/Content/SpeedTree9/Empty.uasset" 178
"../../../Engine/Plugins/Editor/SpeedTreeImporter/Content/SpeedTree9/Empty.uexp" 179
"../../../Engine/Plugins/Editor/SpeedTreeImporter/Content/SpeedTree9/SpeedTreeMaster.uasset" 180
"../../../Engine/Plugins/Editor/SpeedTreeImporter/Content/SpeedTree9/SpeedTreeMaster.uexp" 181
"../../../Engine/Plugins/Editor/SpeedTreeImporter/Content/SpeedTree9/SpeedTreeBillboard.uasset" 182
"../../../Engine/Plugins/Editor/SpeedTreeImporter/Content/SpeedTree9/SpeedTreeBillboard.uexp" 183
"../../../Engine/Plugins/Editor/SpeedTreeImporter/Content/SpeedTree9/SpeedTreeBillboardMaster.uasset" 184
"../../../Engine/Plugins/Editor/SpeedTreeImporter/Content/SpeedTree9/SpeedTreeBillboardMaster.uexp" 185
"../../../Engine/Plugins/Animation/ControlRig/Content/Controls/ControlRigXRayMaterial.uasset" 186
"../../../Engine/Plugins/Animation/ControlRig/Content/Controls/ControlRigXRayMaterial.uexp" 187
"../../../Engine/Plugins/Animation/ControlRig/Content/Controls/ControlRigGizmoMaterial.uasset" 188
"../../../Engine/Plugins/Animation/ControlRig/Content/Controls/ControlRigGizmoMaterial.uexp" 189
"../../../Engine/Content/EngineResources/GradientTexture0.uasset" 190
"../../../Engine/Content/EngineResources/GradientTexture0.uexp" 191
"../../../Engine/Content/EngineResources/Black.uasset" 192
"../../../Engine/Content/EngineResources/Black.uexp" 193
"../../../Engine/Content/EngineMaterials/RemoveSurfaceMaterial.uasset" 194
"../../../Engine/Content/EngineMaterials/RemoveSurfaceMaterial.uexp" 195
"../../../Engine/Content/EngineMaterials/PreintegratedSkinBRDF.uasset" 196
"../../../Engine/Content/EngineMaterials/PreintegratedSkinBRDF.uexp" 197
"../../../Engine/Content/EngineMaterials/DefaultCalibrationGrayscale.uasset" 198
"../../../Engine/Content/EngineMaterials/DefaultCalibrationGrayscale.uexp" 199
"../../../Engine/Content/EngineMaterials/PPM_DefaultCalibrationGrayscale.uasset" 200
"../../../Engine/Content/EngineMaterials/PPM_DefaultCalibrationGrayscale.uexp" 201
"../../../Engine/Content/EngineMaterials/DefaultCalibrationColor.uasset" 202
"../../../Engine/Content/EngineMaterials/DefaultCalibrationColor.uexp" 203
"../../../Engine/Content/EngineMaterials/PPM_DefaultCalibrationColor.uasset" 204
"../../../Engine/Content/EngineMaterials/PPM_DefaultCalibrationColor.uexp" 205
"../../../Engine/Content/EngineMaterials/PhAT_JointLimitMaterial.uasset" 206
"../../../Engine/Content/EngineMaterials/PhAT_JointLimitMaterial.uexp" 207
"../../../Engine/Content/EngineMaterials/NaniteHiddenSectionMaterial.uasset" 208
"../../../Engine/Content/EngineMaterials/NaniteHiddenSectionMaterial.uexp" 209
"../../../Engine/Content/EngineMaterials/InvalidLightmapSettings.ubulk" 210
"../../../Engine/Content/EngineMaterials/InvalidLightmapSettings.uasset" 211
"../../../Engine/Content/EngineMaterials/InvalidLightmapSettings.uexp" 212
"../../../Engine/Content/EngineMaterials/M_InvalidLightmapSettings.uasset" 213
"../../../Engine/Content/EngineMaterials/M_InvalidLightmapSettings.uexp" 214
"../../../Engine/Content/EngineMaterials/MiniFont.uasset" 215
"../../../Engine/Content/EngineMaterials/MiniFont.uexp" 216
"../../../Engine/Content/EngineMaterials/GizmoMaterial.uasset" 217
"../../../Engine/Content/EngineMaterials/GizmoMaterial.uexp" 218
"../../../Engine/Content/EngineMaterials/BaseFlattenEmissiveMap_VT.uasset" 219
"../../../Engine/Content/EngineMaterials/BaseFlattenEmissiveMap_VT.uexp" 220
"../../../Engine/Content/EngineMaterials/BaseFlattenGrayscaleMap_VT.uasset" 221
"../../../Engine/Content/EngineMaterials/BaseFlattenGrayscaleMap_VT.uexp" 222
"../../../Engine/Content/EngineMaterials/BaseFlattenLinearColor_VT.uasset" 223
"../../../Engine/Content/EngineMaterials/BaseFlattenLinearColor_VT.uexp" 224
"../../../Engine/Content/EngineMaterials/Black_1x1_EXR_Texture_VT.uasset" 225
"../../../Engine/Content/EngineMaterials/Black_1x1_EXR_Texture_VT.uexp" 226
"../../../Engine/Content/EngineMaterials/BaseFlattenDiffuseMap_VT.uasset" 227
"../../../Engine/Content/EngineMaterials/BaseFlattenDiffuseMap_VT.uexp" 228
"../../../Engine/Content/EngineMaterials/BaseFlattenNormalMap_VT.uasset" 229
"../../../Engine/Content/EngineMaterials/BaseFlattenNormalMap_VT.uexp" 230
"../../../Engine/Content/EngineMaterials/FlattenMaterial_WS_Normal_VT.uasset" 231
"../../../Engine/Content/EngineMaterials/FlattenMaterial_WS_Normal_VT.uexp" 232
"../../../Engine/Content/EngineMaterials/FlattenMaterial_VT.uasset" 233
"../../../Engine/Content/EngineMaterials/FlattenMaterial_VT.uexp" 234
"../../../Engine/Content/EngineMaterials/BaseFlattenNormalMap.uasset" 235
"../../../Engine/Content/EngineMaterials/BaseFlattenNormalMap.uexp" 236
"../../../Engine/Content/EngineMaterials/BaseFlattenGrayscaleMap.uasset" 237
"../../../Engine/Content/EngineMaterials/BaseFlattenGrayscaleMap.uexp" 238
"../../../Engine/Content/EngineMaterials/BaseFlattenDiffuseMap.uasset" 239
"../../../Engine/Content/EngineMaterials/BaseFlattenDiffuseMap.uexp" 240
"../../../Engine/Content/Functions/Engine_MaterialFunctions02/PivotPainter2/Black_1x1_EXR_Texture.uasset" 241
"../../../Engine/Content/Functions/Engine_MaterialFunctions02/PivotPainter2/Black_1x1_EXR_Texture.uexp" 242
"../../../Engine/Content/EngineMaterials/BaseFlattenEmissiveMap.uasset" 243
"../../../Engine/Content/EngineMaterials/BaseFlattenEmissiveMap.uexp" 244
"../../../Engine/Content/EngineMaterials/BaseFlattenLinearColor.uasset" 245
"../../../Engine/Content/EngineMaterials/BaseFlattenLinearColor.uexp" 246
"../../../Engine/Content/EngineMaterials/FlattenMaterial.uasset" 247
"../../../Engine/Content/EngineMaterials/FlattenMaterial.uexp" 248
"../../../Engine/Content/EngineMaterials/FastBlueNoise_vec2_128x128x64.uasset" 249
"../../../Engine/Content/EngineMaterials/FastBlueNoise_vec2_128x128x64.uexp" 250
"../../../Engine/Content/EngineMaterials/FastBlueNoise_scalar_128x128x64.uasset" 251
"../../../Engine/Content/EngineMaterials/FastBlueNoise_scalar_128x128x64.uexp" 252
"../../../Engine/Content/EngineMaterials/DefaultWhiteGrid_Low.uasset" 253
"../../../Engine/Content/EngineMaterials/DefaultWhiteGrid_Low.uexp" 254
"../../../Engine/Content/EngineMaterials/EmissiveMeshMaterial.uasset" 255
"../../../Engine/Content/EngineMaterials/EmissiveMeshMaterial.uexp" 256
"../../../Engine/Content/EngineMaterials/DefaultWhiteGrid.ubulk" 257
"../../../Engine/Content/EngineMaterials/DefaultWhiteGrid.uasset" 258
"../../../Engine/Content/EngineMaterials/DefaultWhiteGrid.uexp" 259
"../../../Engine/Content/EngineFonts/RobotoDistanceField.uasset" 260
"../../../Engine/Content/EngineFonts/RobotoDistanceField.uexp" 261
"../../../Engine/Content/EngineMaterials/DefaultTextMaterialOpaque.uasset" 262
"../../../Engine/Content/EngineMaterials/DefaultTextMaterialOpaque.uexp" 263
"../../../Engine/Content/EngineMaterials/DefaultDiffuse.ubulk" 264
"../../../Engine/Content/EngineMaterials/DefaultDiffuse.uasset" 265
"../../../Engine/Content/EngineMaterials/DefaultDiffuse.uexp" 266
"../../../Engine/Content/Functions/Engine_MaterialFunctions02/Utility/BreakOutFloat2Components.uasset" 267
"../../../Engine/Content/Functions/Engine_MaterialFunctions02/Utility/BreakOutFloat2Components.uexp" 268
"../../../Engine/Content/EngineMaterials/DefaultPostProcessMaterial.uasset" 269
"../../../Engine/Content/EngineMaterials/DefaultPostProcessMaterial.uexp" 270
"../../../Engine/Content/EngineMaterials/DefaultLightFunctionMaterial.uasset" 271
"../../../Engine/Content/EngineMaterials/DefaultLightFunctionMaterial.uexp" 272
"../../../Engine/Content/EngineMaterials/DefaultDeferredDecalMaterial.uasset" 273
"../../../Engine/Content/EngineMaterials/DefaultDeferredDecalMaterial.uexp" 274
"../../../Engine/Content/EngineMaterials/DefaultBokeh.uasset" 275
"../../../Engine/Content/EngineMaterials/DefaultBokeh.uexp" 276
"../../../Engine/Content/EngineMaterials/DefaultBloomKernel.uasset" 277
"../../../Engine/Content/EngineMaterials/DefaultBloomKernel.uexp" 278
"../../../Engine/Content/Functions/Engine_MaterialFunctions02/Utility/CameraDirectionVector.uasset" 279
"../../../Engine/Content/Functions/Engine_MaterialFunctions02/Utility/CameraDirectionVector.uexp" 280
"../../../Engine/Content/EngineDebugMaterials/VolumeToRender.uasset" 281
"../../../Engine/Content/EngineDebugMaterials/VolumeToRender.uexp" 282
"../../../Engine/Content/EngineDebugMaterials/M_VolumeRenderSphereTracePP.uasset" 283
"../../../Engine/Content/EngineDebugMaterials/M_VolumeRenderSphereTracePP.uexp" 284
"../../../Engine/Content/EngineDebugMaterials/M_SimpleUnlitTranslucent.uasset" 285
"../../../Engine/Content/EngineDebugMaterials/M_SimpleUnlitTranslucent.uexp" 286
"../../../Engine/Content/EngineDebugMaterials/DebugMeshMaterial.uasset" 287
"../../../Engine/Content/EngineDebugMaterials/DebugMeshMaterial.uexp" 288
"../../../Engine/Content/EngineDebugMaterials/DebugEditorMaterial.uasset" 289
"../../../Engine/Content/EngineDebugMaterials/DebugEditorMaterial.uexp" 290
"../../../Engine/Content/EngineDamageTypes/DmgTypeBP_Environmental.uasset" 291
"../../../Engine/Content/EngineDamageTypes/DmgTypeBP_Environmental.uexp" 292
"../../../Engine/Content/EditorResources/S_TriggerSphere.uasset" 293
"../../../Engine/Content/EditorResources/S_TriggerSphere.uexp" 294
"../../../Engine/Content/EditorResources/S_TriggerCapsule.uasset" 295
"../../../Engine/Content/EditorResources/S_TriggerCapsule.uexp" 296
"../../../Engine/Content/EditorResources/S_TriggerBox.uasset" 297
"../../../Engine/Content/EditorResources/S_TriggerBox.uexp" 298
"../../../Engine/Content/EditorResources/S_Trigger.ubulk" 299
"../../../Engine/Content/EditorResources/S_Trigger.uasset" 300
"../../../Engine/Content/EditorResources/S_Trigger.uexp" 301
"../../../Engine/Content/EditorResources/S_Terrain.ubulk" 302
"../../../Engine/Content/EditorResources/S_Terrain.uasset" 303
"../../../Engine/Content/EditorResources/S_Terrain.uexp" 304
"../../../Engine/Content/EditorResources/S_Solver.ubulk" 305
"../../../Engine/Content/EditorResources/S_Solver.uasset" 306
"../../../Engine/Content/EditorResources/S_Solver.uexp" 307
"../../../Engine/Content/EditorResources/EmptyActor.uasset" 308
"../../../Engine/Content/EditorResources/EmptyActor.uexp" 309
"../../../Engine/Content/EditorResources/BSPVertex.uasset" 310
"../../../Engine/Content/EditorResources/BSPVertex.uexp" 311
"../../../Engine/Content/EditorMaterials/PreviewShadowIndicator.ubulk" 312
"../../../Engine/Content/EditorMaterials/PreviewShadowIndicator.uasset" 313
"../../../Engine/Content/EditorMaterials/PreviewShadowIndicator.uexp" 314
"../../../Engine/Content/EditorMaterials/PreviewShadowIndicatorMaterial.uasset" 315
"../../../Engine/Content/EditorMaterials/PreviewShadowIndicatorMaterial.uexp" 316
"../../../Engine/Content/EditorMaterials/PhAT_UnselectedMaterial.uasset" 317
"../../../Engine/Content/EditorMaterials/PhAT_UnselectedMaterial.uexp" 318
"../../../Engine/Content/EditorMaterials/PhAT_NoCollisionMaterial.uasset" 319
"../../../Engine/Content/EditorMaterials/PhAT_NoCollisionMaterial.uexp" 320
"../../../Engine/Content/EditorLandscapeResources/DefaultAlphaTexture.uasset" 321
"../../../Engine/Content/EditorLandscapeResources/DefaultAlphaTexture.uexp" 322
"../../../Engine/Content/EngineResources/FilmGrains/Marcie_Grain_v3_128_M2_000.uasset" 323
"../../../Engine/Content/EngineResources/FilmGrains/Marcie_Grain_v3_128_M2_000.uexp" 324
"../../../Engine/Content/EngineMaterials/LTC/Sheen_LTC.uasset" 325
"../../../Engine/Content/EngineMaterials/LTC/Sheen_LTC.uexp" 326
"../../../Engine/Content/EngineMaterials/LTC/GGX_LTCMat.uasset" 327
"../../../Engine/Content/EngineMaterials/LTC/GGX_LTCMat.uexp" 328
"../../../Engine/Content/EngineMaterials/LTC/GGX_LTCAmp.uasset" 329
"../../../Engine/Content/EngineMaterials/LTC/GGX_LTCAmp.uexp" 330
"../../../Engine/Content/EngineMaterials/EnergyConservation/Sheen_Energy.uasset" 331
"../../../Engine/Content/EngineMaterials/EnergyConservation/Sheen_Energy.uexp" 332
"../../../Engine/Content/EngineMaterials/EnergyConservation/SheenLegacy_Energy.uasset" 333
"../../../Engine/Content/EngineMaterials/EnergyConservation/SheenLegacy_Energy.uexp" 334
"../../../Engine/Content/EngineMaterials/EnergyConservation/GGX_TransmissionEnergyArray.uasset" 335
"../../../Engine/Content/EngineMaterials/EnergyConservation/GGX_TransmissionEnergyArray.uexp" 336
"../../../Engine/Content/EngineMaterials/EnergyConservation/GGX_ReflectionEnergy.uasset" 337
"../../../Engine/Content/EngineMaterials/EnergyConservation/GGX_ReflectionEnergy.uexp" 338
"../../../Engine/Content/EngineMaterials/EnergyConservation/Diffuse_Energy.uasset" 339
"../../../Engine/Content/EngineMaterials/EnergyConservation/Diffuse_Energy.uexp" 340
"../../../Engine/Content/EditorResources/SequenceRecorder/RecordingIndicator.uasset" 341
"../../../Engine/Content/EditorResources/SequenceRecorder/RecordingIndicator.uexp" 342
"../../../Engine/Content/EditorResources/SequenceRecorder/Countdown.uasset" 343
"../../../Engine/Content/EditorResources/SequenceRecorder/Countdown.uexp" 344
"../../../Engine/Content/EditorMaterials/ParticleSystems/PSysThumbnail_OOD.ubulk" 345
"../../../Engine/Content/EditorMaterials/ParticleSystems/PSysThumbnail_OOD.uasset" 346
"../../../Engine/Content/EditorMaterials/ParticleSystems/PSysThumbnail_OOD.uexp" 347
"../../../Engine/Content/EditorMaterials/ParticleSystems/PSysThumbnail_NoImage.ubulk" 348
"../../../Engine/Content/EditorMaterials/ParticleSystems/PSysThumbnail_NoImage.uasset" 349
"../../../Engine/Content/EditorMaterials/ParticleSystems/PSysThumbnail_NoImage.uexp" 350
"../../../Engine/Content/EditorMaterials/Dataflow/DataflowVertexMaterial.uasset" 351
"../../../Engine/Content/EditorMaterials/Dataflow/DataflowVertexMaterial.uexp" 352
"../../../Engine/Content/EditorMaterials/Dataflow/DataflowTwoSidedVertexMaterial.uasset" 353
"../../../Engine/Content/EditorMaterials/Dataflow/DataflowTwoSidedVertexMaterial.uexp" 354
"../../../Engine/Content/Functions/Engine_MaterialFunctions01/Shading/PowerToRoughness.uasset" 355
"../../../Engine/Content/Functions/Engine_MaterialFunctions01/Shading/PowerToRoughness.uexp" 356
"../../../Engine/Content/Functions/Engine_MaterialFunctions01/Shading/ConvertFromDiffSpec.uasset" 357
"../../../Engine/Content/Functions/Engine_MaterialFunctions01/Shading/ConvertFromDiffSpec.uexp" 358
"../../../Engine/Content/EngineMaterials/Substrate/Volume/SubstrateSimpleVolumeLUT3D.uasset" 359
"../../../Engine/Content/EngineMaterials/Substrate/Volume/SubstrateSimpleVolumeLUT3D.uexp" 360
"../../../Engine/Content/EngineMaterials/Substrate/Volume/SubstrateSimpleVolumeEnvLUT3D.uasset" 361
"../../../Engine/Content/EngineMaterials/Substrate/Volume/SubstrateSimpleVolumeEnvLUT3D.uexp" 362
"../../../Engine/Content/EngineMaterials/Substrate/GLints2/AGlintTex2dArray2.uasset" 363
"../../../Engine/Content/EngineMaterials/Substrate/GLints2/AGlintTex2dArray2.uexp" 364
"../../../Engine/Content/EngineMaterials/Substrate/GLints/AGlintTex2dArray.uasset" 365
"../../../Engine/Content/EngineMaterials/Substrate/GLints/AGlintTex2dArray.uexp" 366
"C:/Users/oleor/Documents/GitHub/Projects/MayProject/UE_Grapple2/Content/Effects/SpeedLines/wind-artificial-18750.ubulk" 367
"C:/Users/oleor/Documents/GitHub/Projects/MayProject/UE_Grapple2/Content/Effects/SpeedLines/wind-artificial-18750.uasset" 368
"C:/Users/oleor/Documents/GitHub/Projects/MayProject/UE_Grapple2/Content/Effects/SpeedLines/wind-artificial-18750.uexp" 369
"C:/Users/oleor/Documents/GitHub/Projects/MayProject/UE_Grapple2/Content/Grapple/Player/Input/Actions/IA_Slide.uasset" 370
"C:/Users/oleor/Documents/GitHub/Projects/MayProject/UE_Grapple2/Content/Grapple/Player/Input/Actions/IA_Slide.uexp" 371
"C:/Users/oleor/Documents/GitHub/Projects/MayProject/UE_Grapple2/Content/Grapple/Player/Input/Actions/IA_Move.uasset" 372
"C:/Users/oleor/Documents/GitHub/Projects/MayProject/UE_Grapple2/Content/Grapple/Player/Input/Actions/IA_Move.uexp" 373
"../../../Engine/Plugins/Animation/ACLPlugin/Content/ACLAnimBoneCompressionSettings.uasset" 374
"../../../Engine/Plugins/Animation/ACLPlugin/Content/ACLAnimBoneCompressionSettings.uexp" 375
"../../../Engine/Content/Animation/DefaultVariableFrameStrippingSettings.uasset" 376
"../../../Engine/Content/Animation/DefaultVariableFrameStrippingSettings.uexp" 377
"C:/Users/oleor/Documents/GitHub/Projects/MayProject/UE_Grapple2/Content/Grapple/Player/Assets/Paragon_Legs/SK_PlayerChar_Legs_Skeleton.uasset" 378
"C:/Users/oleor/Documents/GitHub/Projects/MayProject/UE_Grapple2/Content/Grapple/Player/Assets/Paragon_Legs/SK_PlayerChar_Legs_Skeleton.uexp" 379
"../../../Engine/Plugins/Animation/ACLPlugin/Content/ACLAnimCurveCompressionSettings.uasset" 380
"../../../Engine/Plugins/Animation/ACLPlugin/Content/ACLAnimCurveCompressionSettings.uexp" 381
"C:/Users/oleor/Documents/GitHub/Projects/MayProject/UE_Grapple2/Content/Grapple/Player/Assets/Paragon_Legs/Animations/FirstPerson_Legs_WallJump.uasset" 382
"C:/Users/oleor/Documents/GitHub/Projects/MayProject/UE_Grapple2/Content/Grapple/Player/Assets/Paragon_Legs/Animations/FirstPerson_Legs_WallJump.uexp" 383
"C:/Users/oleor/Documents/GitHub/Projects/MayProject/UE_Grapple2/Content/Grapple/Player/Assets/Paragon_Legs/Animations/FirstPerson_Legs_WallJump_Montage.uasset" 384
"C:/Users/oleor/Documents/GitHub/Projects/MayProject/UE_Grapple2/Content/Grapple/Player/Assets/Paragon_Legs/Animations/FirstPerson_Legs_WallJump_Montage.uexp" 385
"C:/Users/oleor/Documents/GitHub/Projects/MayProject/UE_Grapple2/Content/Grapple/Player/BP_WallBounce.uasset" 386
"C:/Users/oleor/Documents/GitHub/Projects/MayProject/UE_Grapple2/Content/Grapple/Player/BP_WallBounce.uexp" 387
"C:/Users/oleor/Documents/GitHub/Projects/MayProject/UE_Grapple2/Content/Grapple/Player/Assets/Paragon_FP/SK_PlayerChar_Arms_Skeleton.uasset" 388
"C:/Users/oleor/Documents/GitHub/Projects/MayProject/UE_Grapple2/Content/Grapple/Player/Assets/Paragon_FP/SK_PlayerChar_Arms_Skeleton.uexp" 389
"C:/Users/oleor/Documents/GitHub/Projects/MayProject/UE_Grapple2/Content/Grapple/Player/Assets/Paragon_FP/Animation/Wallrun/FirstPerson_WallRun_Right.uasset" 390
"C:/Users/oleor/Documents/GitHub/Projects/MayProject/UE_Grapple2/Content/Grapple/Player/Assets/Paragon_FP/Animation/Wallrun/FirstPerson_WallRun_Right.uexp" 391
"C:/Users/oleor/Documents/GitHub/Projects/MayProject/UE_Grapple2/Content/Grapple/Player/Assets/Paragon_FP/Animation/Wallrun/FirstPerson_WallRun_Right_Further.uasset" 392
"C:/Users/oleor/Documents/GitHub/Projects/MayProject/UE_Grapple2/Content/Grapple/Player/Assets/Paragon_FP/Animation/Wallrun/FirstPerson_WallRun_Right_Further.uexp" 393
"C:/Users/oleor/Documents/GitHub/Projects/MayProject/UE_Grapple2/Content/Grapple/Player/Assets/Paragon_FP/Animation/Wallrun/WallrunRight.uasset" 394
"C:/Users/oleor/Documents/GitHub/Projects/MayProject/UE_Grapple2/Content/Grapple/Player/Assets/Paragon_FP/Animation/Wallrun/WallrunRight.uexp" 395
"C:/Users/oleor/Documents/GitHub/Projects/MayProject/UE_Grapple2/Content/Grapple/Player/Assets/Paragon_FP/Animation/Slide/FirstPerson_Slide_GroundImpact.uasset" 396
"C:/Users/oleor/Documents/GitHub/Projects/MayProject/UE_Grapple2/Content/Grapple/Player/Assets/Paragon_FP/Animation/Slide/FirstPerson_Slide_GroundImpact.uexp" 397
"C:/Users/oleor/Documents/GitHub/Projects/MayProject/UE_Grapple2/Content/Grapple/Player/Assets/Paragon_FP/Animation/BasicMovement/FirstPerson_FallStart.uasset" 398
"C:/Users/oleor/Documents/GitHub/Projects/MayProject/UE_Grapple2/Content/Grapple/Player/Assets/Paragon_FP/Animation/BasicMovement/FirstPerson_FallStart.uexp" 399
"C:/Users/oleor/Documents/GitHub/Projects/MayProject/UE_Grapple2/Content/Grapple/Player/Assets/Paragon_FP/Animation/BasicMovement/FirstPerson_Grapple_Idle.uasset" 400
"C:/Users/oleor/Documents/GitHub/Projects/MayProject/UE_Grapple2/Content/Grapple/Player/Assets/Paragon_FP/Animation/BasicMovement/FirstPerson_Grapple_Idle.uexp" 401
"C:/Users/oleor/Documents/GitHub/Projects/MayProject/UE_Grapple2/Content/Grapple/Player/Assets/Paragon_FP/Animation/BasicMovement/FirstPerson_Run.uasset" 402
"C:/Users/oleor/Documents/GitHub/Projects/MayProject/UE_Grapple2/Content/Grapple/Player/Assets/Paragon_FP/Animation/BasicMovement/FirstPerson_Run.uexp" 403
"C:/Users/oleor/Documents/GitHub/Projects/MayProject/UE_Grapple2/Content/Grapple/Player/Assets/Paragon_FP/Animation/BasicMovement/FirstPerson_Walk.uasset" 404
"C:/Users/oleor/Documents/GitHub/Projects/MayProject/UE_Grapple2/Content/Grapple/Player/Assets/Paragon_FP/Animation/BasicMovement/FirstPerson_Walk.uexp" 405
"C:/Users/oleor/Documents/GitHub/Projects/MayProject/UE_Grapple2/Content/Grapple/Player/Assets/Paragon_FP/Animation/BasicMovement/WalkBlendSpace.uasset" 406
"C:/Users/oleor/Documents/GitHub/Projects/MayProject/UE_Grapple2/Content/Grapple/Player/Assets/Paragon_FP/Animation/BasicMovement/WalkBlendSpace.uexp" 407
"C:/Users/oleor/Documents/GitHub/Projects/MayProject/UE_Grapple2/Content/Grapple/Player/Assets/Paragon_FP/Animation/Slide/FirstPerson_SlideStart.uasset" 408
"C:/Users/oleor/Documents/GitHub/Projects/MayProject/UE_Grapple2/Content/Grapple/Player/Assets/Paragon_FP/Animation/Slide/FirstPerson_SlideStart.uexp" 409
"C:/Users/oleor/Documents/GitHub/Projects/MayProject/UE_Grapple2/Content/Grapple/SFX/GrapplerSoundsPack/GrapplerPull.ubulk" 410
"C:/Users/oleor/Documents/GitHub/Projects/MayProject/UE_Grapple2/Content/Grapple/SFX/GrapplerSoundsPack/GrapplerPull.uasset" 411
"C:/Users/oleor/Documents/GitHub/Projects/MayProject/UE_Grapple2/Content/Grapple/SFX/GrapplerSoundsPack/GrapplerPull.uexp" 412
"C:/Users/oleor/Documents/GitHub/Projects/MayProject/UE_Grapple2/Content/Grapple/SFX/GrapplerSoundsPack/GrapplerPull_1.ubulk" 413
"C:/Users/oleor/Documents/GitHub/Projects/MayProject/UE_Grapple2/Content/Grapple/SFX/GrapplerSoundsPack/GrapplerPull_1.uasset" 414
"C:/Users/oleor/Documents/GitHub/Projects/MayProject/UE_Grapple2/Content/Grapple/SFX/GrapplerSoundsPack/GrapplerPull_1.uexp" 415
"C:/Users/oleor/Documents/GitHub/Projects/MayProject/UE_Grapple2/Content/Grapple/SFX/GrapplerSoundsPack/GrapplerPull_2.ubulk" 416
"C:/Users/oleor/Documents/GitHub/Projects/MayProject/UE_Grapple2/Content/Grapple/SFX/GrapplerSoundsPack/GrapplerPull_2.uasset" 417
"C:/Users/oleor/Documents/GitHub/Projects/MayProject/UE_Grapple2/Content/Grapple/SFX/GrapplerSoundsPack/GrapplerPull_2.uexp" 418
"C:/Users/oleor/Documents/GitHub/Projects/MayProject/UE_Grapple2/Content/Grapple/SFX/GrapplerSoundsPack/GrapplerPull_3.ubulk" 419
"C:/Users/oleor/Documents/GitHub/Projects/MayProject/UE_Grapple2/Content/Grapple/SFX/GrapplerSoundsPack/GrapplerPull_3.uasset" 420
"C:/Users/oleor/Documents/GitHub/Projects/MayProject/UE_Grapple2/Content/Grapple/SFX/GrapplerSoundsPack/GrapplerPull_3.uexp" 421
"C:/Users/oleor/Documents/GitHub/Projects/MayProject/UE_Grapple2/Content/Grapple/SFX/GrapplerSoundsPack/GrappleCableShootOut.uasset" 422
"C:/Users/oleor/Documents/GitHub/Projects/MayProject/UE_Grapple2/Content/Grapple/SFX/GrapplerSoundsPack/GrappleCableShootOut.uexp" 423
"C:/Users/oleor/Documents/GitHub/Projects/MayProject/UE_Grapple2/Content/Grapple/Player/Assets/Paragon_Legs/Animations/PullKick/FirstPerson_Legs_KickAction.uasset" 424
"C:/Users/oleor/Documents/GitHub/Projects/MayProject/UE_Grapple2/Content/Grapple/Player/Assets/Paragon_Legs/Animations/PullKick/FirstPerson_Legs_KickAction.uexp" 425
"C:/Users/oleor/Documents/GitHub/Projects/MayProject/UE_Grapple2/Content/Grapple/Player/Assets/Paragon_Legs/Animations/PullKick/FirstPerson_Legs_KickAction_Montage.uasset" 426
"C:/Users/oleor/Documents/GitHub/Projects/MayProject/UE_Grapple2/Content/Grapple/Player/Assets/Paragon_Legs/Animations/PullKick/FirstPerson_Legs_KickAction_Montage.uexp" 427
"C:/Users/oleor/Documents/GitHub/Projects/MayProject/UE_Grapple2/Content/Grapple/Player/GrappleShooter/BP_GrappleGuaranteedHitTarget.uasset" 428
"C:/Users/oleor/Documents/GitHub/Projects/MayProject/UE_Grapple2/Content/Grapple/Player/GrappleShooter/BP_GrappleGuaranteedHitTarget.uexp" 429
"../../../Engine/Content/EngineMaterials/T_Default_Material_Grid_M.ubulk" 430
"../../../Engine/Content/EngineMaterials/T_Default_Material_Grid_M.uasset" 431
"../../../Engine/Content/EngineMaterials/T_Default_Material_Grid_M.uexp" 432
"../../../Engine/Content/EngineMaterials/T_Default_Material_Grid_N.ubulk" 433
"../../../Engine/Content/EngineMaterials/T_Default_Material_Grid_N.uasset" 434
"../../../Engine/Content/EngineMaterials/T_Default_Material_Grid_N.uexp" 435
"../../../Engine/Content/Functions/Engine_MaterialFunctions01/Opacity/CameraDepthFade.uasset" 436
"../../../Engine/Content/Functions/Engine_MaterialFunctions01/Opacity/CameraDepthFade.uexp" 437
"../../../Engine/Content/EngineMaterials/WorldGridMaterial.uasset" 438
"../../../Engine/Content/EngineMaterials/WorldGridMaterial.uexp" 439
"C:/Users/oleor/Documents/GitHub/Projects/MayProject/UE_Grapple2/Content/Grapple/Player/GrappleShooter/GrappleProjectile.ubulk" 440
"C:/Users/oleor/Documents/GitHub/Projects/MayProject/UE_Grapple2/Content/Grapple/Player/GrappleShooter/GrappleProjectile.uasset" 441
"C:/Users/oleor/Documents/GitHub/Projects/MayProject/UE_Grapple2/Content/Grapple/Player/GrappleShooter/GrappleProjectile.uexp" 442
"C:/Users/oleor/Documents/GitHub/Projects/MayProject/UE_Grapple2/Content/Grapple/SFX/GrapplerSoundsPack/GrapplerEnvironmentHit.ubulk" 443
"C:/Users/oleor/Documents/GitHub/Projects/MayProject/UE_Grapple2/Content/Grapple/SFX/GrapplerSoundsPack/GrapplerEnvironmentHit.uasset" 444
"C:/Users/oleor/Documents/GitHub/Projects/MayProject/UE_Grapple2/Content/Grapple/SFX/GrapplerSoundsPack/GrapplerEnvironmentHit.uexp" 445
"C:/Users/oleor/Documents/GitHub/Projects/MayProject/UE_Grapple2/Content/Grapple/SFX/GrapplerSoundsPack/GrapplerEnvironmentHit_1.ubulk" 446
"C:/Users/oleor/Documents/GitHub/Projects/MayProject/UE_Grapple2/Content/Grapple/SFX/GrapplerSoundsPack/GrapplerEnvironmentHit_1.uasset" 447
"C:/Users/oleor/Documents/GitHub/Projects/MayProject/UE_Grapple2/Content/Grapple/SFX/GrapplerSoundsPack/GrapplerEnvironmentHit_1.uexp" 448
"C:/Users/oleor/Documents/GitHub/Projects/MayProject/UE_Grapple2/Content/Grapple/SFX/GrapplerSoundsPack/GrapplerEnvironmentHit_2.ubulk" 449
"C:/Users/oleor/Documents/GitHub/Projects/MayProject/UE_Grapple2/Content/Grapple/SFX/GrapplerSoundsPack/GrapplerEnvironmentHit_2.uasset" 450
"C:/Users/oleor/Documents/GitHub/Projects/MayProject/UE_Grapple2/Content/Grapple/SFX/GrapplerSoundsPack/GrapplerEnvironmentHit_2.uexp" 451
"C:/Users/oleor/Documents/GitHub/Projects/MayProject/UE_Grapple2/Content/Grapple/SFX/GrapplerSoundsPack/GrapplerEnvironmentHit_3.ubulk" 452
"C:/Users/oleor/Documents/GitHub/Projects/MayProject/UE_Grapple2/Content/Grapple/SFX/GrapplerSoundsPack/GrapplerEnvironmentHit_3.uasset" 453
"C:/Users/oleor/Documents/GitHub/Projects/MayProject/UE_Grapple2/Content/Grapple/SFX/GrapplerSoundsPack/GrapplerEnvironmentHit_3.uexp" 454
"C:/Users/oleor/Documents/GitHub/Projects/MayProject/UE_Grapple2/Content/Grapple/SFX/GrapplerSoundsPack/GrappleProjectileImpact.uasset" 455
"C:/Users/oleor/Documents/GitHub/Projects/MayProject/UE_Grapple2/Content/Grapple/SFX/GrapplerSoundsPack/GrappleProjectileImpact.uexp" 456
"../../../Engine/Plugins/FX/Niagara/Content/DefaultAssets/DefaultSpriteMaterial.uasset" 457
"../../../Engine/Plugins/FX/Niagara/Content/DefaultAssets/DefaultSpriteMaterial.uexp" 458
"../../../Engine/Plugins/FX/Niagara/Content/DefaultAssets/Templates/Systems/DirectionalBurstLightweight.uasset" 459
"../../../Engine/Plugins/FX/Niagara/Content/DefaultAssets/Templates/Systems/DirectionalBurstLightweight.uexp" 460
"C:/Users/oleor/Documents/GitHub/Projects/MayProject/UE_Grapple2/Content/Grapple/Player/GrappleShooter/BP_GrappleProjectile.uasset" 461
"C:/Users/oleor/Documents/GitHub/Projects/MayProject/UE_Grapple2/Content/Grapple/Player/GrappleShooter/BP_GrappleProjectile.uexp" 462
"C:/Users/oleor/Documents/GitHub/Projects/MayProject/UE_Grapple2/Content/Grapple/Player/Assets/Paragon_FP/Animation/Grapple/FirstPerson_Grapple_PullStart.uasset" 463
"C:/Users/oleor/Documents/GitHub/Projects/MayProject/UE_Grapple2/Content/Grapple/Player/Assets/Paragon_FP/Animation/Grapple/FirstPerson_Grapple_PullStart.uexp" 464
"C:/Users/oleor/Documents/GitHub/Projects/MayProject/UE_Grapple2/Content/Grapple/Player/Assets/Paragon_FP/Animation/Grapple/FirstPerson_Grapple_PullStart_Montage.uasset" 465
"C:/Users/oleor/Documents/GitHub/Projects/MayProject/UE_Grapple2/Content/Grapple/Player/Assets/Paragon_FP/Animation/Grapple/FirstPerson_Grapple_PullStart_Montage.uexp" 466
"C:/Users/oleor/Documents/GitHub/Projects/MayProject/UE_Grapple2/Content/Grapple/Player/GrappleShooter/GrappleState.uasset" 467
"C:/Users/oleor/Documents/GitHub/Projects/MayProject/UE_Grapple2/Content/Grapple/Player/GrappleShooter/GrappleState.uexp" 468
"C:/Users/oleor/Documents/GitHub/Projects/MayProject/UE_Grapple2/Content/Grapple/GrappleObjects/BP_GrappleObject.uasset" 469
"C:/Users/oleor/Documents/GitHub/Projects/MayProject/UE_Grapple2/Content/Grapple/GrappleObjects/BP_GrappleObject.uexp" 470
"C:/Users/oleor/Documents/GitHub/Projects/MayProject/UE_Grapple2/Content/Grapple/GrappleObjects/BP_Kick_GrappleObject.uasset" 471
"C:/Users/oleor/Documents/GitHub/Projects/MayProject/UE_Grapple2/Content/Grapple/GrappleObjects/BP_Kick_GrappleObject.uexp" 472
"C:/Users/oleor/Documents/GitHub/Projects/MayProject/UE_Grapple2/Content/Grapple/Player/GrappleShooter/GrappleMode.uasset" 473
"C:/Users/oleor/Documents/GitHub/Projects/MayProject/UE_Grapple2/Content/Grapple/Player/GrappleShooter/GrappleMode.uexp" 474
"C:/Users/oleor/Documents/GitHub/Projects/MayProject/UE_Grapple2/Content/Grapple/Player/GrappleTargetFinder/GrappleIndicator.ubulk" 475
"C:/Users/oleor/Documents/GitHub/Projects/MayProject/UE_Grapple2/Content/Grapple/Player/GrappleTargetFinder/GrappleIndicator.uasset" 476
"C:/Users/oleor/Documents/GitHub/Projects/MayProject/UE_Grapple2/Content/Grapple/Player/GrappleTargetFinder/GrappleIndicator.uexp" 477
"C:/Users/oleor/Documents/GitHub/Projects/MayProject/UE_Grapple2/Content/Grapple/Player/GrappleTargetFinder/GrappleTargetWidget.uasset" 478
"C:/Users/oleor/Documents/GitHub/Projects/MayProject/UE_Grapple2/Content/Grapple/Player/GrappleTargetFinder/GrappleTargetWidget.uexp" 479
"C:/Users/oleor/Documents/GitHub/Projects/MayProject/UE_Grapple2/Content/Grapple/Player/GrappleTargetFinder/GrappleTargetIndicator.uasset" 480
"C:/Users/oleor/Documents/GitHub/Projects/MayProject/UE_Grapple2/Content/Grapple/Player/GrappleTargetFinder/GrappleTargetIndicator.uexp" 481
"C:/Users/oleor/Documents/GitHub/Projects/MayProject/UE_Grapple2/Content/Grapple/Player/GrappleTargetFinder/GrappleTargetFinder.uasset" 482
"C:/Users/oleor/Documents/GitHub/Projects/MayProject/UE_Grapple2/Content/Grapple/Player/GrappleTargetFinder/GrappleTargetFinder.uexp" 483
"C:/Users/oleor/Documents/GitHub/Projects/MayProject/UE_Grapple2/Content/Grapple/SFX/GrapplerSoundsPack/GrapplerShot_1.ubulk" 484
"C:/Users/oleor/Documents/GitHub/Projects/MayProject/UE_Grapple2/Content/Grapple/SFX/GrapplerSoundsPack/GrapplerShot_1.uasset" 485
"C:/Users/oleor/Documents/GitHub/Projects/MayProject/UE_Grapple2/Content/Grapple/SFX/GrapplerSoundsPack/GrapplerShot_1.uexp" 486
"C:/Users/oleor/Documents/GitHub/Projects/MayProject/UE_Grapple2/Content/Grapple/SFX/GrapplerSoundsPack/GrapplerShot_2.ubulk" 487
"C:/Users/oleor/Documents/GitHub/Projects/MayProject/UE_Grapple2/Content/Grapple/SFX/GrapplerSoundsPack/GrapplerShot_2.uasset" 488
"C:/Users/oleor/Documents/GitHub/Projects/MayProject/UE_Grapple2/Content/Grapple/SFX/GrapplerSoundsPack/GrapplerShot_2.uexp" 489
"C:/Users/oleor/Documents/GitHub/Projects/MayProject/UE_Grapple2/Content/Grapple/SFX/GrapplerSoundsPack/GrapplerShot_3.ubulk" 490
"C:/Users/oleor/Documents/GitHub/Projects/MayProject/UE_Grapple2/Content/Grapple/SFX/GrapplerSoundsPack/GrapplerShot_3.uasset" 491
"C:/Users/oleor/Documents/GitHub/Projects/MayProject/UE_Grapple2/Content/Grapple/SFX/GrapplerSoundsPack/GrapplerShot_3.uexp" 492
"C:/Users/oleor/Documents/GitHub/Projects/MayProject/UE_Grapple2/Content/Grapple/SFX/GrapplerSoundsPack/GrappleShootOut.uasset" 493
"C:/Users/oleor/Documents/GitHub/Projects/MayProject/UE_Grapple2/Content/Grapple/SFX/GrapplerSoundsPack/GrappleShootOut.uexp" 494
"C:/Users/oleor/Documents/GitHub/Projects/MayProject/UE_Grapple2/Content/Grapple/Player/Assets/Paragon_FP/Animation/Grapple/FirstPerson_Grapple_PullLoop.uasset" 495
"C:/Users/oleor/Documents/GitHub/Projects/MayProject/UE_Grapple2/Content/Grapple/Player/Assets/Paragon_FP/Animation/Grapple/FirstPerson_Grapple_PullLoop.uexp" 496
"C:/Users/oleor/Documents/GitHub/Projects/MayProject/UE_Grapple2/Content/Grapple/Player/Assets/Paragon_FP/Animation/Grapple/FirstPerson_Grapple_PullLoop_Montage.uasset" 497
"C:/Users/oleor/Documents/GitHub/Projects/MayProject/UE_Grapple2/Content/Grapple/Player/Assets/Paragon_FP/Animation/Grapple/FirstPerson_Grapple_PullLoop_Montage.uexp" 498
"C:/Users/oleor/Documents/GitHub/Projects/MayProject/UE_Grapple2/Content/Grapple/Player/Assets/Paragon_FP/Animation/BasicMovement/FirstPerson_Climb.uasset" 499
"C:/Users/oleor/Documents/GitHub/Projects/MayProject/UE_Grapple2/Content/Grapple/Player/Assets/Paragon_FP/Animation/BasicMovement/FirstPerson_Climb.uexp" 500
"C:/Users/oleor/Documents/GitHub/Projects/MayProject/UE_Grapple2/Content/Grapple/Player/Assets/Paragon_FP/Animation/BasicMovement/FirstPerson_Climb_Montage.uasset" 501
"C:/Users/oleor/Documents/GitHub/Projects/MayProject/UE_Grapple2/Content/Grapple/Player/Assets/Paragon_FP/Animation/BasicMovement/FirstPerson_Climb_Montage.uexp" 502
"C:/Users/oleor/Documents/GitHub/Projects/MayProject/UE_Grapple2/Content/Grapple/Player/BP_Climb.uasset" 503
"C:/Users/oleor/Documents/GitHub/Projects/MayProject/UE_Grapple2/Content/Grapple/Player/BP_Climb.uexp" 504
"C:/Users/oleor/Documents/GitHub/Projects/MayProject/UE_Grapple2/Content/Grapple/SFX/GrapplerSoundsPack/GrapplerReturn.ubulk" 505
"C:/Users/oleor/Documents/GitHub/Projects/MayProject/UE_Grapple2/Content/Grapple/SFX/GrapplerSoundsPack/GrapplerReturn.uasset" 506
"C:/Users/oleor/Documents/GitHub/Projects/MayProject/UE_Grapple2/Content/Grapple/SFX/GrapplerSoundsPack/GrapplerReturn.uexp" 507
"C:/Users/oleor/Documents/GitHub/Projects/MayProject/UE_Grapple2/Content/Grapple/SFX/GrapplerSoundsPack/GrapplerReturn_1.ubulk" 508
"C:/Users/oleor/Documents/GitHub/Projects/MayProject/UE_Grapple2/Content/Grapple/SFX/GrapplerSoundsPack/GrapplerReturn_1.uasset" 509
"C:/Users/oleor/Documents/GitHub/Projects/MayProject/UE_Grapple2/Content/Grapple/SFX/GrapplerSoundsPack/GrapplerReturn_1.uexp" 510
"C:/Users/oleor/Documents/GitHub/Projects/MayProject/UE_Grapple2/Content/Grapple/SFX/GrapplerSoundsPack/GrapplerReturn_2.ubulk" 511
"C:/Users/oleor/Documents/GitHub/Projects/MayProject/UE_Grapple2/Content/Grapple/SFX/GrapplerSoundsPack/GrapplerReturn_2.uasset" 512
"C:/Users/oleor/Documents/GitHub/Projects/MayProject/UE_Grapple2/Content/Grapple/SFX/GrapplerSoundsPack/GrapplerReturn_2.uexp" 513
"C:/Users/oleor/Documents/GitHub/Projects/MayProject/UE_Grapple2/Content/Grapple/SFX/GrapplerSoundsPack/GrappleReturn.uasset" 514
"C:/Users/oleor/Documents/GitHub/Projects/MayProject/UE_Grapple2/Content/Grapple/SFX/GrapplerSoundsPack/GrappleReturn.uexp" 515
"C:/Users/oleor/Documents/GitHub/Projects/MayProject/UE_Grapple2/Content/Grapple/Player/GrappleShooter/GrappleShooter.ubulk" 516
"C:/Users/oleor/Documents/GitHub/Projects/MayProject/UE_Grapple2/Content/Grapple/Player/GrappleShooter/GrappleShooter.uasset" 517
"C:/Users/oleor/Documents/GitHub/Projects/MayProject/UE_Grapple2/Content/Grapple/Player/GrappleShooter/GrappleShooter.uexp" 518
"C:/Users/oleor/Documents/GitHub/Projects/MayProject/UE_Grapple2/Content/Grapple/Player/Assets/Paragon_FP/Animation/Grapple/FirstPerson_Grapple_Shoot.uasset" 519
"C:/Users/oleor/Documents/GitHub/Projects/MayProject/UE_Grapple2/Content/Grapple/Player/Assets/Paragon_FP/Animation/Grapple/FirstPerson_Grapple_Shoot.uexp" 520
"C:/Users/oleor/Documents/GitHub/Projects/MayProject/UE_Grapple2/Content/Grapple/Player/Assets/Paragon_FP/Animation/Grapple/FirstPerson_Grapple_Shoot_Montage.uasset" 521
"C:/Users/oleor/Documents/GitHub/Projects/MayProject/UE_Grapple2/Content/Grapple/Player/Assets/Paragon_FP/Animation/Grapple/FirstPerson_Grapple_Shoot_Montage.uexp" 522
"C:/Users/oleor/Documents/GitHub/Projects/MayProject/UE_Grapple2/Content/Grapple/SFX/Character/Kick_1.ubulk" 523
"C:/Users/oleor/Documents/GitHub/Projects/MayProject/UE_Grapple2/Content/Grapple/SFX/Character/Kick_1.uasset" 524
"C:/Users/oleor/Documents/GitHub/Projects/MayProject/UE_Grapple2/Content/Grapple/SFX/Character/Kick_1.uexp" 525
"C:/Users/oleor/Documents/GitHub/Projects/MayProject/UE_Grapple2/Content/Grapple/SFX/Character/Kick_2.ubulk" 526
"C:/Users/oleor/Documents/GitHub/Projects/MayProject/UE_Grapple2/Content/Grapple/SFX/Character/Kick_2.uasset" 527
"C:/Users/oleor/Documents/GitHub/Projects/MayProject/UE_Grapple2/Content/Grapple/SFX/Character/Kick_2.uexp" 528
"C:/Users/oleor/Documents/GitHub/Projects/MayProject/UE_Grapple2/Content/Grapple/SFX/Character/GrappleKickCue.uasset" 529
"C:/Users/oleor/Documents/GitHub/Projects/MayProject/UE_Grapple2/Content/Grapple/SFX/Character/GrappleKickCue.uexp" 530
"C:/Users/oleor/Documents/GitHub/Projects/MayProject/UE_Grapple2/Content/Grapple/Player/Assets/Paragon_FP/Animation/Grapple/FirstPerson_Grapple_ReelingIn.uasset" 531
"C:/Users/oleor/Documents/GitHub/Projects/MayProject/UE_Grapple2/Content/Grapple/Player/Assets/Paragon_FP/Animation/Grapple/FirstPerson_Grapple_ReelingIn.uexp" 532
"C:/Users/oleor/Documents/GitHub/Projects/MayProject/UE_Grapple2/Content/Grapple/Player/Assets/Paragon_FP/Animation/Grapple/FirstPerson_Grapple_ReelingIn_Montage.uasset" 533
"C:/Users/oleor/Documents/GitHub/Projects/MayProject/UE_Grapple2/Content/Grapple/Player/Assets/Paragon_FP/Animation/Grapple/FirstPerson_Grapple_ReelingIn_Montage.uexp" 534
"C:/Users/oleor/Documents/GitHub/Projects/MayProject/UE_Grapple2/Content/Grapple/Player/Assets/Paragon_Legs/Animations/PullKick/Anim_Grapple_PullKick_Start.uasset" 535
"C:/Users/oleor/Documents/GitHub/Projects/MayProject/UE_Grapple2/Content/Grapple/Player/Assets/Paragon_Legs/Animations/PullKick/Anim_Grapple_PullKick_Start.uexp" 536
"C:/Users/oleor/Documents/GitHub/Projects/MayProject/UE_Grapple2/Content/Grapple/Player/Assets/Paragon_Legs/Animations/PullKick/Anim_Grapple_PullKick_Start_Montage.uasset" 537
"C:/Users/oleor/Documents/GitHub/Projects/MayProject/UE_Grapple2/Content/Grapple/Player/Assets/Paragon_Legs/Animations/PullKick/Anim_Grapple_PullKick_Start_Montage.uexp" 538
"C:/Users/oleor/Documents/GitHub/Projects/MayProject/UE_Grapple2/Content/Grapple/Player/Assets/Paragon_FP/Animation/Grapple/FirstPerson_Grapple_CoolDown.uasset" 539
"C:/Users/oleor/Documents/GitHub/Projects/MayProject/UE_Grapple2/Content/Grapple/Player/Assets/Paragon_FP/Animation/Grapple/FirstPerson_Grapple_CoolDown.uexp" 540
"C:/Users/oleor/Documents/GitHub/Projects/MayProject/UE_Grapple2/Content/Grapple/Player/Assets/Paragon_FP/Animation/Grapple/FirstPerson_Grapple_CoolDown_Montage.uasset" 541
"C:/Users/oleor/Documents/GitHub/Projects/MayProject/UE_Grapple2/Content/Grapple/Player/Assets/Paragon_FP/Animation/Grapple/FirstPerson_Grapple_CoolDown_Montage.uexp" 542
"C:/Users/oleor/Documents/GitHub/Projects/MayProject/UE_Grapple2/Content/Grapple/Player/Assets/Paragon_Legs/Animations/PullKick/Grapple_PullKick_Loop.uasset" 543
"C:/Users/oleor/Documents/GitHub/Projects/MayProject/UE_Grapple2/Content/Grapple/Player/Assets/Paragon_Legs/Animations/PullKick/Grapple_PullKick_Loop.uexp" 544
"C:/Users/oleor/Documents/GitHub/Projects/MayProject/UE_Grapple2/Content/Grapple/Player/Assets/Paragon_Legs/Animations/PullKick/Grapple_PullKick_Loop_Montage.uasset" 545
"C:/Users/oleor/Documents/GitHub/Projects/MayProject/UE_Grapple2/Content/Grapple/Player/Assets/Paragon_Legs/Animations/PullKick/Grapple_PullKick_Loop_Montage.uexp" 546
"C:/Users/oleor/Documents/GitHub/Projects/MayProject/UE_Grapple2/Content/Grapple/Player/Assets/Paragon_FP/Animation/Grapple/FirstPerson_Grapple_ShootStart.uasset" 547
"C:/Users/oleor/Documents/GitHub/Projects/MayProject/UE_Grapple2/Content/Grapple/Player/Assets/Paragon_FP/Animation/Grapple/FirstPerson_Grapple_ShootStart.uexp" 548
"C:/Users/oleor/Documents/GitHub/Projects/MayProject/UE_Grapple2/Content/Grapple/Player/Assets/Paragon_FP/Animation/Grapple/FirstPerson_Grapple_ShootStart_Montage.uasset" 549
"C:/Users/oleor/Documents/GitHub/Projects/MayProject/UE_Grapple2/Content/Grapple/Player/Assets/Paragon_FP/Animation/Grapple/FirstPerson_Grapple_ShootStart_Montage.uexp" 550
"C:/Users/oleor/Documents/GitHub/Projects/MayProject/UE_Grapple2/Content/Grapple/Player/GrappleShooter/BP_GrappleShooter.uasset" 551
"C:/Users/oleor/Documents/GitHub/Projects/MayProject/UE_Grapple2/Content/Grapple/Player/GrappleShooter/BP_GrappleShooter.uexp" 552
"C:/Users/oleor/Documents/GitHub/Projects/MayProject/UE_Grapple2/Content/Grapple/Player/Assets/Paragon_Legs/Animations/Slide/Legs_FirstPerson_Slide_GroundImpact.uasset" 553
"C:/Users/oleor/Documents/GitHub/Projects/MayProject/UE_Grapple2/Content/Grapple/Player/Assets/Paragon_Legs/Animations/Slide/Legs_FirstPerson_Slide_GroundImpact.uexp" 554
"C:/Users/oleor/Documents/GitHub/Projects/MayProject/UE_Grapple2/Content/Grapple/Player/Assets/Paragon_Legs/Animations/Slide/Legs_FirstPerson_Slide_GroundImpact_Montage.uasset" 555
"C:/Users/oleor/Documents/GitHub/Projects/MayProject/UE_Grapple2/Content/Grapple/Player/Assets/Paragon_Legs/Animations/Slide/Legs_FirstPerson_Slide_GroundImpact_Montage.uexp" 556
"C:/Users/oleor/Documents/GitHub/Projects/MayProject/UE_Grapple2/Content/Grapple/Player/BP_Slide.uasset" 557
"C:/Users/oleor/Documents/GitHub/Projects/MayProject/UE_Grapple2/Content/Grapple/Player/BP_Slide.uexp" 558
"C:/Users/oleor/Documents/GitHub/Projects/MayProject/UE_Grapple2/Content/Grapple/Player/BP_WallRun.uasset" 559
"C:/Users/oleor/Documents/GitHub/Projects/MayProject/UE_Grapple2/Content/Grapple/Player/BP_WallRun.uexp" 560
"C:/Users/oleor/Documents/GitHub/Projects/MayProject/UE_Grapple2/Content/Grapple/Player/Assets/Paragon_FP/Animation/BasicMovement/FirstPerson_JumpStart.uasset" 561
"C:/Users/oleor/Documents/GitHub/Projects/MayProject/UE_Grapple2/Content/Grapple/Player/Assets/Paragon_FP/Animation/BasicMovement/FirstPerson_JumpStart.uexp" 562
"C:/Users/oleor/Documents/GitHub/Projects/MayProject/UE_Grapple2/Content/Grapple/Player/Assets/Paragon_FP/Animation/BasicMovement/FirstPerson_FallEnd.uasset" 563
"C:/Users/oleor/Documents/GitHub/Projects/MayProject/UE_Grapple2/Content/Grapple/Player/Assets/Paragon_FP/Animation/BasicMovement/FirstPerson_FallEnd.uexp" 564
"C:/Users/oleor/Documents/GitHub/Projects/MayProject/UE_Grapple2/Content/Grapple/Player/Assets/Paragon_FP/Animation/Slide/FirstPerson_SlideLoop.uasset" 565
"C:/Users/oleor/Documents/GitHub/Projects/MayProject/UE_Grapple2/Content/Grapple/Player/Assets/Paragon_FP/Animation/Slide/FirstPerson_SlideLoop.uexp" 566
"C:/Users/oleor/Documents/GitHub/Projects/MayProject/UE_Grapple2/Content/Grapple/Player/Assets/Paragon_FP/Animation/BasicMovement/FirstPerson_FallLoop.uasset" 567
"C:/Users/oleor/Documents/GitHub/Projects/MayProject/UE_Grapple2/Content/Grapple/Player/Assets/Paragon_FP/Animation/BasicMovement/FirstPerson_FallLoop.uexp" 568
"C:/Users/oleor/Documents/GitHub/Projects/MayProject/UE_Grapple2/Content/Grapple/Player/Assets/Paragon_FP/Animation/Wallrun/FirstPerson_WallRun_Left_Further.uasset" 569
"C:/Users/oleor/Documents/GitHub/Projects/MayProject/UE_Grapple2/Content/Grapple/Player/Assets/Paragon_FP/Animation/Wallrun/FirstPerson_WallRun_Left_Further.uexp" 570
"C:/Users/oleor/Documents/GitHub/Projects/MayProject/UE_Grapple2/Content/Grapple/Player/Assets/Paragon_FP/Animation/Wallrun/FirstPerson_WallRun_Left.uasset" 571
"C:/Users/oleor/Documents/GitHub/Projects/MayProject/UE_Grapple2/Content/Grapple/Player/Assets/Paragon_FP/Animation/Wallrun/FirstPerson_WallRun_Left.uexp" 572
"C:/Users/oleor/Documents/GitHub/Projects/MayProject/UE_Grapple2/Content/Grapple/Player/Assets/Paragon_FP/Animation/Wallrun/WallrunLeft.uasset" 573
"C:/Users/oleor/Documents/GitHub/Projects/MayProject/UE_Grapple2/Content/Grapple/Player/Assets/Paragon_FP/Animation/Wallrun/WallrunLeft.uexp" 574
"C:/Users/oleor/Documents/GitHub/Projects/MayProject/UE_Grapple2/Content/Grapple/Player/Assets/Paragon_FP/Animation/Camera/FirstPerson_Camera_Walk.uasset" 575
"C:/Users/oleor/Documents/GitHub/Projects/MayProject/UE_Grapple2/Content/Grapple/Player/Assets/Paragon_FP/Animation/Camera/FirstPerson_Camera_Walk.uexp" 576
"C:/Users/oleor/Documents/GitHub/Projects/MayProject/UE_Grapple2/Content/Grapple/Player/Assets/Paragon_FP/Animation/Camera/FirstPerson_Camera_Run.uasset" 577
"C:/Users/oleor/Documents/GitHub/Projects/MayProject/UE_Grapple2/Content/Grapple/Player/Assets/Paragon_FP/Animation/Camera/FirstPerson_Camera_Run.uexp" 578
"C:/Users/oleor/Documents/GitHub/Projects/MayProject/UE_Grapple2/Content/Grapple/Player/Assets/Paragon_FP/Animation/Camera/BS_CameraShakeWalk.uasset" 579
"C:/Users/oleor/Documents/GitHub/Projects/MayProject/UE_Grapple2/Content/Grapple/Player/Assets/Paragon_FP/Animation/Camera/BS_CameraShakeWalk.uexp" 580
"C:/Users/oleor/Documents/GitHub/Projects/MayProject/UE_Grapple2/Content/Grapple/Player/Assets/Paragon_FP/ABP_ParagonArms.uasset" 581
"C:/Users/oleor/Documents/GitHub/Projects/MayProject/UE_Grapple2/Content/Grapple/Player/Assets/Paragon_FP/ABP_ParagonArms.uexp" 582
"C:/Users/oleor/Documents/GitHub/Projects/MayProject/UE_Grapple2/Content/Grapple/Player/Assets/Paragon_Legs/Animations/Slide/Legs_FirstPerson_SlideStart.uasset" 583
"C:/Users/oleor/Documents/GitHub/Projects/MayProject/UE_Grapple2/Content/Grapple/Player/Assets/Paragon_Legs/Animations/Slide/Legs_FirstPerson_SlideStart.uexp" 584
"C:/Users/oleor/Documents/GitHub/Projects/MayProject/UE_Grapple2/Content/Grapple/Player/Assets/Paragon_Legs/Animations/Slide/Legs_FirstPerson_SlideLoop.uasset" 585
"C:/Users/oleor/Documents/GitHub/Projects/MayProject/UE_Grapple2/Content/Grapple/Player/Assets/Paragon_Legs/Animations/Slide/Legs_FirstPerson_SlideLoop.uexp" 586
"C:/Users/oleor/Documents/GitHub/Projects/MayProject/UE_Grapple2/Content/Grapple/Player/Assets/Paragon_Legs/Animations/FirstPerson_Legs_Idle.uasset" 587
"C:/Users/oleor/Documents/GitHub/Projects/MayProject/UE_Grapple2/Content/Grapple/Player/Assets/Paragon_Legs/Animations/FirstPerson_Legs_Idle.uexp" 588
"C:/Users/oleor/Documents/GitHub/Projects/MayProject/UE_Grapple2/Content/Grapple/Player/Assets/Paragon_Legs/Animations/FirstPerson_Legs_Walk.uasset" 589
"C:/Users/oleor/Documents/GitHub/Projects/MayProject/UE_Grapple2/Content/Grapple/Player/Assets/Paragon_Legs/Animations/FirstPerson_Legs_Walk.uexp" 590
"C:/Users/oleor/Documents/GitHub/Projects/MayProject/UE_Grapple2/Content/Grapple/Player/Assets/Paragon_Legs/Animations/FirstPerson_Legs_Run.uasset" 591
"C:/Users/oleor/Documents/GitHub/Projects/MayProject/UE_Grapple2/Content/Grapple/Player/Assets/Paragon_Legs/Animations/FirstPerson_Legs_Run.uexp" 592
"C:/Users/oleor/Documents/GitHub/Projects/MayProject/UE_Grapple2/Content/Grapple/Player/Assets/Paragon_Legs/BP_Movement.uasset" 593
"C:/Users/oleor/Documents/GitHub/Projects/MayProject/UE_Grapple2/Content/Grapple/Player/Assets/Paragon_Legs/BP_Movement.uexp" 594
"C:/Users/oleor/Documents/GitHub/Projects/MayProject/UE_Grapple2/Content/Grapple/Player/Assets/Paragon_Legs/ABP_ParagonLegs.uasset" 595
"C:/Users/oleor/Documents/GitHub/Projects/MayProject/UE_Grapple2/Content/Grapple/Player/Assets/Paragon_Legs/ABP_ParagonLegs.uexp" 596
"C:/Users/oleor/Documents/GitHub/Projects/MayProject/UE_Grapple2/Content/Grapple/Player/Input/Actions/IA_Sprint.uasset" 597
"C:/Users/oleor/Documents/GitHub/Projects/MayProject/UE_Grapple2/Content/Grapple/Player/Input/Actions/IA_Sprint.uexp" 598
"C:/Users/oleor/Documents/GitHub/Projects/MayProject/UE_Grapple2/Content/Grapple/Player/Assets/Paragon_FP/SK_PlayerChar_Arms_PhysicsAsset.uasset" 599
"C:/Users/oleor/Documents/GitHub/Projects/MayProject/UE_Grapple2/Content/Grapple/Player/Assets/Paragon_FP/SK_PlayerChar_Arms_PhysicsAsset.uexp" 600
"C:/Users/oleor/Documents/GitHub/Projects/MayProject/UE_Grapple2/Content/Grapple/BasicMaterial/Grey.ubulk" 601
"C:/Users/oleor/Documents/GitHub/Projects/MayProject/UE_Grapple2/Content/Grapple/BasicMaterial/Grey.uasset" 602
"C:/Users/oleor/Documents/GitHub/Projects/MayProject/UE_Grapple2/Content/Grapple/BasicMaterial/Grey.uexp" 603
"C:/Users/oleor/Documents/GitHub/Projects/MayProject/UE_Grapple2/Content/Grapple/BasicMaterial/M_BasicMaterial.uasset" 604
"C:/Users/oleor/Documents/GitHub/Projects/MayProject/UE_Grapple2/Content/Grapple/BasicMaterial/M_BasicMaterial.uexp" 605
"C:/Users/oleor/Documents/GitHub/Projects/MayProject/UE_Grapple2/Content/Grapple/Player/Assets/Paragon_FP/Material/M_Wraith_Upperbody_Wraith_BaseColor.ubulk" 606
"C:/Users/oleor/Documents/GitHub/Projects/MayProject/UE_Grapple2/Content/Grapple/Player/Assets/Paragon_FP/Material/M_Wraith_Upperbody_Wraith_BaseColor.uasset" 607
"C:/Users/oleor/Documents/GitHub/Projects/MayProject/UE_Grapple2/Content/Grapple/Player/Assets/Paragon_FP/Material/M_Wraith_Upperbody_Wraith_BaseColor.uexp" 608
"C:/Users/oleor/Documents/GitHub/Projects/MayProject/UE_Grapple2/Content/Grapple/Player/Assets/Paragon_FP/Material/MI_ParagoUpperBody.uasset" 609
"C:/Users/oleor/Documents/GitHub/Projects/MayProject/UE_Grapple2/Content/Grapple/Player/Assets/Paragon_FP/Material/MI_ParagoUpperBody.uexp" 610
"C:/Users/oleor/Documents/GitHub/Projects/MayProject/UE_Grapple2/Content/Grapple/Player/Assets/Paragon_Legs/Material/M_Wraith_Lowerbody_Wraith_BaseColor.ubulk" 611
"C:/Users/oleor/Documents/GitHub/Projects/MayProject/UE_Grapple2/Content/Grapple/Player/Assets/Paragon_Legs/Material/M_Wraith_Lowerbody_Wraith_BaseColor.uasset" 612
"C:/Users/oleor/Documents/GitHub/Projects/MayProject/UE_Grapple2/Content/Grapple/Player/Assets/Paragon_Legs/Material/M_Wraith_Lowerbody_Wraith_BaseColor.uexp" 613
"C:/Users/oleor/Documents/GitHub/Projects/MayProject/UE_Grapple2/Content/Grapple/Player/Assets/Paragon_Legs/Material/MI_ParagonLowerBody.uasset" 614
"C:/Users/oleor/Documents/GitHub/Projects/MayProject/UE_Grapple2/Content/Grapple/Player/Assets/Paragon_Legs/Material/MI_ParagonLowerBody.uexp" 615
"C:/Users/oleor/Documents/GitHub/Projects/MayProject/UE_Grapple2/Content/Grapple/Player/Assets/Paragon_FP/SK_PlayerChar_Arms.uasset" 616
"C:/Users/oleor/Documents/GitHub/Projects/MayProject/UE_Grapple2/Content/Grapple/Player/Assets/Paragon_FP/SK_PlayerChar_Arms.uexp" 617
"C:/Users/oleor/Documents/GitHub/Projects/MayProject/UE_Grapple2/Content/Grapple/Player/Hud/Textures/Crosshair.ubulk" 618
"C:/Users/oleor/Documents/GitHub/Projects/MayProject/UE_Grapple2/Content/Grapple/Player/Hud/Textures/Crosshair.uasset" 619
"C:/Users/oleor/Documents/GitHub/Projects/MayProject/UE_Grapple2/Content/Grapple/Player/Hud/Textures/Crosshair.uexp" 620
"C:/Users/oleor/Documents/GitHub/Projects/MayProject/UE_Grapple2/Content/Grapple/Player/Hud/BP_PlayerHud.uasset" 621
"C:/Users/oleor/Documents/GitHub/Projects/MayProject/UE_Grapple2/Content/Grapple/Player/Hud/BP_PlayerHud.uexp" 622
"C:/Users/oleor/Documents/GitHub/Projects/MayProject/UE_Grapple2/Content/Grapple/Player/Input/Actions/IA_PullShoot.uasset" 623
"C:/Users/oleor/Documents/GitHub/Projects/MayProject/UE_Grapple2/Content/Grapple/Player/Input/Actions/IA_PullShoot.uexp" 624
"C:/Users/oleor/Documents/GitHub/Projects/MayProject/UE_Grapple2/Content/Grapple/Player/Input/Actions/IA_ShootGrapple.uasset" 625
"C:/Users/oleor/Documents/GitHub/Projects/MayProject/UE_Grapple2/Content/Grapple/Player/Input/Actions/IA_ShootGrapple.uexp" 626
"C:/Users/oleor/Documents/GitHub/Projects/MayProject/UE_Grapple2/Content/Grapple/Player/Input/Actions/IA_Jump.uasset" 627
"C:/Users/oleor/Documents/GitHub/Projects/MayProject/UE_Grapple2/Content/Grapple/Player/Input/Actions/IA_Jump.uexp" 628
"C:/Users/oleor/Documents/GitHub/Projects/MayProject/UE_Grapple2/Content/Grapple/Player/Input/Actions/IA_Look.uasset" 629
"C:/Users/oleor/Documents/GitHub/Projects/MayProject/UE_Grapple2/Content/Grapple/Player/Input/Actions/IA_Look.uexp" 630
"C:/Users/oleor/Documents/GitHub/Projects/MayProject/UE_Grapple2/Content/Grapple/Player/Input/PlayerCharacterInput_MaK.uasset" 631
"C:/Users/oleor/Documents/GitHub/Projects/MayProject/UE_Grapple2/Content/Grapple/Player/Input/PlayerCharacterInput_MaK.uexp" 632
"C:/Users/oleor/Documents/GitHub/Projects/MayProject/UE_Grapple2/Content/Effects/SpeedLines/M_SpeedParticle.uasset" 633
"C:/Users/oleor/Documents/GitHub/Projects/MayProject/UE_Grapple2/Content/Effects/SpeedLines/M_SpeedParticle.uexp" 634
"C:/Users/oleor/Documents/GitHub/Projects/MayProject/UE_Grapple2/Content/Effects/SpeedLines/NS_SpeedLines.uasset" 635
"C:/Users/oleor/Documents/GitHub/Projects/MayProject/UE_Grapple2/Content/Effects/SpeedLines/NS_SpeedLines.uexp" 636
"C:/Users/oleor/Documents/GitHub/Projects/MayProject/UE_Grapple2/Content/Grapple/Player/Assets/Paragon_FP/Animation/Camera/FirstPerson_Camera_Landing.uasset" 637
"C:/Users/oleor/Documents/GitHub/Projects/MayProject/UE_Grapple2/Content/Grapple/Player/Assets/Paragon_FP/Animation/Camera/FirstPerson_Camera_Landing.uexp" 638
"C:/Users/oleor/Documents/GitHub/Projects/MayProject/UE_Grapple2/Content/Grapple/Player/Assets/Paragon_FP/Animation/Camera/FirstPerson_Camera_Landing_Montage.uasset" 639
"C:/Users/oleor/Documents/GitHub/Projects/MayProject/UE_Grapple2/Content/Grapple/Player/Assets/Paragon_FP/Animation/Camera/FirstPerson_Camera_Landing_Montage.uexp" 640
"C:/Users/oleor/Documents/GitHub/Projects/MayProject/UE_Grapple2/Content/Grapple/Player/BP_FovChanger.uasset" 641
"C:/Users/oleor/Documents/GitHub/Projects/MayProject/UE_Grapple2/Content/Grapple/Player/BP_FovChanger.uexp" 642
"C:/Users/oleor/Documents/GitHub/Projects/MayProject/UE_Grapple2/Content/Grapple/Player/Assets/Paragon_Legs/SK_PlayerChar_Legs_PhysicsAsset.uasset" 643
"C:/Users/oleor/Documents/GitHub/Projects/MayProject/UE_Grapple2/Content/Grapple/Player/Assets/Paragon_Legs/SK_PlayerChar_Legs_PhysicsAsset.uexp" 644
"C:/Users/oleor/Documents/GitHub/Projects/MayProject/UE_Grapple2/Content/Grapple/Player/Assets/Paragon_Legs/SK_PlayerChar_Legs.uasset" 645
"C:/Users/oleor/Documents/GitHub/Projects/MayProject/UE_Grapple2/Content/Grapple/Player/Assets/Paragon_Legs/SK_PlayerChar_Legs.uexp" 646
"C:/Users/oleor/Documents/GitHub/Projects/MayProject/UE_Grapple2/Content/Grapple/Player/BP_GrapplePlayerCharacter.uasset" 647
"C:/Users/oleor/Documents/GitHub/Projects/MayProject/UE_Grapple2/Content/Grapple/Player/BP_GrapplePlayerCharacter.uexp" 648
"../../../Engine/Plugins/Animation/ControlRig/Content/Controls/ControlRig_Diamond_solid.ubulk" 649
"../../../Engine/Plugins/Animation/ControlRig/Content/Controls/ControlRig_Diamond_solid.uasset" 650
"../../../Engine/Plugins/Animation/ControlRig/Content/Controls/ControlRig_Diamond_solid.uexp" 651
"C:/Users/oleor/Documents/GitHub/Projects/MayProject/UE_Grapple2/Content/Grapple/GrappleObjects/BP_KickExampleObject.uasset" 652
"C:/Users/oleor/Documents/GitHub/Projects/MayProject/UE_Grapple2/Content/Grapple/GrappleObjects/BP_KickExampleObject.uexp" 653
"../../../Engine/Content/BasicShapes/Cube.ubulk" 654
"../../../Engine/Content/BasicShapes/Cube.uasset" 655
"../../../Engine/Content/BasicShapes/Cube.uexp" 656
"C:/Users/oleor/Documents/GitHub/Projects/MayProject/UE_Grapple2/Content/LevelPrototyping/Textures/T_GridChecker_A.ubulk" 657
"C:/Users/oleor/Documents/GitHub/Projects/MayProject/UE_Grapple2/Content/LevelPrototyping/Textures/T_GridChecker_A.uasset" 658
"C:/Users/oleor/Documents/GitHub/Projects/MayProject/UE_Grapple2/Content/LevelPrototyping/Textures/T_GridChecker_A.uexp" 659
"../../../Engine/Content/Functions/Engine_MaterialFunctions01/Gradient/LinearGradient.uasset" 660
"../../../Engine/Content/Functions/Engine_MaterialFunctions01/Gradient/LinearGradient.uexp" 661
"../../../Engine/Content/Functions/Engine_MaterialFunctions01/ImageAdjustment/CheapContrast.uasset" 662
"../../../Engine/Content/Functions/Engine_MaterialFunctions01/ImageAdjustment/CheapContrast.uexp" 663
"C:/Users/oleor/Documents/GitHub/Projects/MayProject/UE_Grapple2/Content/LevelPrototyping/Materials/MF_ProcGrid.uasset" 664
"C:/Users/oleor/Documents/GitHub/Projects/MayProject/UE_Grapple2/Content/LevelPrototyping/Materials/MF_ProcGrid.uexp" 665
"C:/Users/oleor/Documents/GitHub/Projects/MayProject/UE_Grapple2/Content/LevelPrototyping/Materials/M_PrototypeGrid.uasset" 666
"C:/Users/oleor/Documents/GitHub/Projects/MayProject/UE_Grapple2/Content/LevelPrototyping/Materials/M_PrototypeGrid.uexp" 667
"C:/Users/oleor/Documents/GitHub/Projects/MayProject/UE_Grapple2/Content/LevelPrototyping/Materials/MI_PrototypeGrid_Gray.uasset" 668
"C:/Users/oleor/Documents/GitHub/Projects/MayProject/UE_Grapple2/Content/LevelPrototyping/Materials/MI_PrototypeGrid_Gray.uexp" 669
"C:/Users/oleor/Documents/GitHub/Projects/MayProject/UE_Grapple2/Content/Grapple/BP_CubeGenerator.uasset" 670
"C:/Users/oleor/Documents/GitHub/Projects/MayProject/UE_Grapple2/Content/Grapple/BP_CubeGenerator.uexp" 671
"C:/Users/oleor/Documents/GitHub/Projects/MayProject/UE_Grapple2/Content/Characters/Heroes/Mannequin/Meshes/SK_Mannequin.uasset" 672
"C:/Users/oleor/Documents/GitHub/Projects/MayProject/UE_Grapple2/Content/Characters/Heroes/Mannequin/Meshes/SK_Mannequin.uexp" 673
"C:/Users/oleor/Documents/GitHub/Projects/MayProject/UE_Grapple2/Content/Weapons/Rifle/Textures/T_Rifle_Masks.ubulk" 674
"C:/Users/oleor/Documents/GitHub/Projects/MayProject/UE_Grapple2/Content/Weapons/Rifle/Textures/T_Rifle_Masks.uasset" 675
"C:/Users/oleor/Documents/GitHub/Projects/MayProject/UE_Grapple2/Content/Weapons/Rifle/Textures/T_Rifle_Masks.uexp" 676
"C:/Users/oleor/Documents/GitHub/Projects/MayProject/UE_Grapple2/Content/Weapons/Generic/Textures/T_Weapon_AORM.uasset" 677
"C:/Users/oleor/Documents/GitHub/Projects/MayProject/UE_Grapple2/Content/Weapons/Generic/Textures/T_Weapon_AORM.uexp" 678
"C:/Users/oleor/Documents/GitHub/Projects/MayProject/UE_Grapple2/Content/Weapons/Generic/Textures/T_Weapon_D.uasset" 679
"C:/Users/oleor/Documents/GitHub/Projects/MayProject/UE_Grapple2/Content/Weapons/Generic/Textures/T_Weapon_D.uexp" 680
"C:/Users/oleor/Documents/GitHub/Projects/MayProject/UE_Grapple2/Content/Weapons/Generic/Textures/T_Weapon_Mask.uasset" 681
"C:/Users/oleor/Documents/GitHub/Projects/MayProject/UE_Grapple2/Content/Weapons/Generic/Textures/T_Weapon_Mask.uexp" 682
"C:/Users/oleor/Documents/GitHub/Projects/MayProject/UE_Grapple2/Content/Weapons/Generic/Textures/T_Weapon_N.uasset" 683
"C:/Users/oleor/Documents/GitHub/Projects/MayProject/UE_Grapple2/Content/Weapons/Generic/Textures/T_Weapon_N.uexp" 684
"C:/Users/oleor/Documents/GitHub/Projects/MayProject/UE_Grapple2/Content/Weapons/Generic/Materials/M_Weapon.uasset" 685
"C:/Users/oleor/Documents/GitHub/Projects/MayProject/UE_Grapple2/Content/Weapons/Generic/Materials/M_Weapon.uexp" 686
"C:/Users/oleor/Documents/GitHub/Projects/MayProject/UE_Grapple2/Content/Weapons/Rifle/Textures/T_Rifle_Combined_N.ubulk" 687
"C:/Users/oleor/Documents/GitHub/Projects/MayProject/UE_Grapple2/Content/Weapons/Rifle/Textures/T_Rifle_Combined_N.uasset" 688
"C:/Users/oleor/Documents/GitHub/Projects/MayProject/UE_Grapple2/Content/Weapons/Rifle/Textures/T_Rifle_Combined_N.uexp" 689
"C:/Users/oleor/Documents/GitHub/Projects/MayProject/UE_Grapple2/Content/Weapons/Rifle/Textures/T_Rifle_AORM.ubulk" 690
"C:/Users/oleor/Documents/GitHub/Projects/MayProject/UE_Grapple2/Content/Weapons/Rifle/Textures/T_Rifle_AORM.uasset" 691
"C:/Users/oleor/Documents/GitHub/Projects/MayProject/UE_Grapple2/Content/Weapons/Rifle/Textures/T_Rifle_AORM.uexp" 692
"C:/Users/oleor/Documents/GitHub/Projects/MayProject/UE_Grapple2/Content/Weapons/Rifle/Textures/T_Rifle_D.ubulk" 693
"C:/Users/oleor/Documents/GitHub/Projects/MayProject/UE_Grapple2/Content/Weapons/Rifle/Textures/T_Rifle_D.uasset" 694
"C:/Users/oleor/Documents/GitHub/Projects/MayProject/UE_Grapple2/Content/Weapons/Rifle/Textures/T_Rifle_D.uexp" 695
"C:/Users/oleor/Documents/GitHub/Projects/MayProject/UE_Grapple2/Content/Weapons/Rifle/Materials/MI_Weapon_Rifle.uasset" 696
"C:/Users/oleor/Documents/GitHub/Projects/MayProject/UE_Grapple2/Content/Weapons/Rifle/Materials/MI_Weapon_Rifle.uexp" 697
"C:/Users/oleor/Documents/GitHub/Projects/MayProject/UE_Grapple2/Content/Weapons/Rifle/Mesh/SK_Rifle_Skeleton.uasset" 698
"C:/Users/oleor/Documents/GitHub/Projects/MayProject/UE_Grapple2/Content/Weapons/Rifle/Mesh/SK_Rifle_Skeleton.uexp" 699
"C:/Users/oleor/Documents/GitHub/Projects/MayProject/UE_Grapple2/Content/Weapons/Rifle/Mesh/SK_Rifle_PhysicsAsset.uasset" 700
"C:/Users/oleor/Documents/GitHub/Projects/MayProject/UE_Grapple2/Content/Weapons/Rifle/Mesh/SK_Rifle_PhysicsAsset.uexp" 701
"C:/Users/oleor/Documents/GitHub/Projects/MayProject/UE_Grapple2/Content/Weapons/Rifle/Mesh/SK_Rifle.uasset" 702
"C:/Users/oleor/Documents/GitHub/Projects/MayProject/UE_Grapple2/Content/Weapons/Rifle/Mesh/SK_Rifle.uexp" 703
"../../../Engine/Content/EngineMaterials/DefaultMaterial.uasset" 704
"../../../Engine/Content/EngineMaterials/DefaultMaterial.uexp" 705
"../../../Engine/Content/BasicShapes/Sphere.ubulk" 706
"../../../Engine/Content/BasicShapes/Sphere.uasset" 707
"../../../Engine/Content/BasicShapes/Sphere.uexp" 708
"C:/Users/oleor/Documents/GitHub/Projects/MayProject/UE_Grapple2/Content/Grapple/M_Glow.uasset" 709
"C:/Users/oleor/Documents/GitHub/Projects/MayProject/UE_Grapple2/Content/Grapple/M_Glow.uexp" 710
"C:/Users/oleor/Documents/GitHub/Projects/MayProject/UE_Grapple2/Content/Grapple/Turret/M_BatteryGlow.uasset" 711
"C:/Users/oleor/Documents/GitHub/Projects/MayProject/UE_Grapple2/Content/Grapple/Turret/M_BatteryGlow.uexp" 712
"C:/Users/oleor/Documents/GitHub/Projects/MayProject/UE_Grapple2/Content/Grapple/Turret/BP_Bullet.uasset" 713
"C:/Users/oleor/Documents/GitHub/Projects/MayProject/UE_Grapple2/Content/Grapple/Turret/BP_Bullet.uexp" 714
"C:/Users/oleor/Documents/GitHub/Projects/MayProject/UE_Grapple2/Content/Grapple/Enemy/BP_EnemyBullet.uasset" 715
"C:/Users/oleor/Documents/GitHub/Projects/MayProject/UE_Grapple2/Content/Grapple/Enemy/BP_EnemyBullet.uexp" 716
"C:/Users/oleor/Documents/GitHub/Projects/MayProject/UE_Grapple2/Content/Grapple/Enemy/BP_EnemyGun.uasset" 717
"C:/Users/oleor/Documents/GitHub/Projects/MayProject/UE_Grapple2/Content/Grapple/Enemy/BP_EnemyGun.uexp" 718
"../../../Engine/Content/Animation/DefaultAnimCurveCompressionSettings.uasset" 719
"../../../Engine/Content/Animation/DefaultAnimCurveCompressionSettings.uexp" 720
"../../../Engine/Content/Animation/DefaultAnimBoneCompressionSettings.uasset" 721
"../../../Engine/Content/Animation/DefaultAnimBoneCompressionSettings.uexp" 722
"C:/Users/oleor/Documents/GitHub/Projects/MayProject/UE_Grapple2/Content/Characters/Heroes/Mannequin/Animations/AimOffsets/MM_Rifle_Idle_ADS_AO_CC.uasset" 723
"C:/Users/oleor/Documents/GitHub/Projects/MayProject/UE_Grapple2/Content/Characters/Heroes/Mannequin/Animations/AimOffsets/MM_Rifle_Idle_ADS_AO_CC.uexp" 724
"C:/Users/oleor/Documents/GitHub/Projects/MayProject/UE_Grapple2/Content/Characters/Heroes/Mannequin/Animations/AimOffsets/MM_Rifle_Idle_ADS_AO_CU.uasset" 725
"C:/Users/oleor/Documents/GitHub/Projects/MayProject/UE_Grapple2/Content/Characters/Heroes/Mannequin/Animations/AimOffsets/MM_Rifle_Idle_ADS_AO_CU.uexp" 726
"C:/Users/oleor/Documents/GitHub/Projects/MayProject/UE_Grapple2/Content/Characters/Heroes/Mannequin/Animations/AimOffsets/MM_Rifle_Idle_ADS_AO_CD.uasset" 727
"C:/Users/oleor/Documents/GitHub/Projects/MayProject/UE_Grapple2/Content/Characters/Heroes/Mannequin/Animations/AimOffsets/MM_Rifle_Idle_ADS_AO_CD.uexp" 728
"C:/Users/oleor/Documents/GitHub/Projects/MayProject/UE_Grapple2/Content/Characters/Heroes/Mannequin/Animations/AimOffsets/MM_Rifle_Idle_ADS_AO_RD.uasset" 729
"C:/Users/oleor/Documents/GitHub/Projects/MayProject/UE_Grapple2/Content/Characters/Heroes/Mannequin/Animations/AimOffsets/MM_Rifle_Idle_ADS_AO_RD.uexp" 730
"C:/Users/oleor/Documents/GitHub/Projects/MayProject/UE_Grapple2/Content/Characters/Heroes/Mannequin/Animations/AimOffsets/MM_Rifle_Idle_ADS_AO_LU.uasset" 731
"C:/Users/oleor/Documents/GitHub/Projects/MayProject/UE_Grapple2/Content/Characters/Heroes/Mannequin/Animations/AimOffsets/MM_Rifle_Idle_ADS_AO_LU.uexp" 732
"C:/Users/oleor/Documents/GitHub/Projects/MayProject/UE_Grapple2/Content/Characters/Heroes/Mannequin/Animations/AimOffsets/MM_Rifle_Idle_ADS_AO_RU.uasset" 733
"C:/Users/oleor/Documents/GitHub/Projects/MayProject/UE_Grapple2/Content/Characters/Heroes/Mannequin/Animations/AimOffsets/MM_Rifle_Idle_ADS_AO_RU.uexp" 734
"C:/Users/oleor/Documents/GitHub/Projects/MayProject/UE_Grapple2/Content/Characters/Heroes/Mannequin/Animations/AimOffsets/MM_Rifle_Idle_ADS_AO_RC.uasset" 735
"C:/Users/oleor/Documents/GitHub/Projects/MayProject/UE_Grapple2/Content/Characters/Heroes/Mannequin/Animations/AimOffsets/MM_Rifle_Idle_ADS_AO_RC.uexp" 736
"C:/Users/oleor/Documents/GitHub/Projects/MayProject/UE_Grapple2/Content/Characters/Heroes/Mannequin/Animations/AimOffsets/MM_Rifle_Idle_ADS_AO_CC_Additive.uasset" 737
"C:/Users/oleor/Documents/GitHub/Projects/MayProject/UE_Grapple2/Content/Characters/Heroes/Mannequin/Animations/AimOffsets/MM_Rifle_Idle_ADS_AO_CC_Additive.uexp" 738
"C:/Users/oleor/Documents/GitHub/Projects/MayProject/UE_Grapple2/Content/Characters/Heroes/Mannequin/Animations/AimOffsets/MM_Rifle_Idle_ADS_AO_LD.uasset" 739
"C:/Users/oleor/Documents/GitHub/Projects/MayProject/UE_Grapple2/Content/Characters/Heroes/Mannequin/Animations/AimOffsets/MM_Rifle_Idle_ADS_AO_LD.uexp" 740
"C:/Users/oleor/Documents/GitHub/Projects/MayProject/UE_Grapple2/Content/Characters/Heroes/Mannequin/Animations/AimOffsets/MM_Rifle_Idle_ADS_AO_LC.uasset" 741
"C:/Users/oleor/Documents/GitHub/Projects/MayProject/UE_Grapple2/Content/Characters/Heroes/Mannequin/Animations/AimOffsets/MM_Rifle_Idle_ADS_AO_LC.uexp" 742
"C:/Users/oleor/Documents/GitHub/Projects/MayProject/UE_Grapple2/Content/Grapple/Enemy/Animation/AimOffset.uasset" 743
"C:/Users/oleor/Documents/GitHub/Projects/MayProject/UE_Grapple2/Content/Grapple/Enemy/Animation/AimOffset.uexp" 744
"C:/Users/oleor/Documents/GitHub/Projects/MayProject/UE_Grapple2/Content/Effects/AnimationNotifies/AN_FootPlant_Left.uasset" 745
"C:/Users/oleor/Documents/GitHub/Projects/MayProject/UE_Grapple2/Content/Effects/AnimationNotifies/AN_FootPlant_Left.uexp" 746
"C:/Users/oleor/Documents/GitHub/Projects/MayProject/UE_Grapple2/Content/Effects/AnimationNotifies/AN_FootPlant_Right.uasset" 747
"C:/Users/oleor/Documents/GitHub/Projects/MayProject/UE_Grapple2/Content/Effects/AnimationNotifies/AN_FootPlant_Right.uexp" 748
"C:/Users/oleor/Documents/GitHub/Projects/MayProject/UE_Grapple2/Content/Characters/Heroes/Mannequin/Animations/Locomotion/Rifle/MF_Rifle_Walk_Fwd.uasset" 749
"C:/Users/oleor/Documents/GitHub/Projects/MayProject/UE_Grapple2/Content/Characters/Heroes/Mannequin/Animations/Locomotion/Rifle/MF_Rifle_Walk_Fwd.uexp" 750
"C:/Users/oleor/Documents/GitHub/Projects/MayProject/UE_Grapple2/Content/Characters/Heroes/Mannequin/Animations/Locomotion/Rifle/MF_Rifle_Jog_Left.uasset" 751
"C:/Users/oleor/Documents/GitHub/Projects/MayProject/UE_Grapple2/Content/Characters/Heroes/Mannequin/Animations/Locomotion/Rifle/MF_Rifle_Jog_Left.uexp" 752
"C:/Users/oleor/Documents/GitHub/Projects/MayProject/UE_Grapple2/Content/Characters/Heroes/Mannequin/Animations/Locomotion/Rifle/MF_Rifle_Walk_Right.uasset" 753
"C:/Users/oleor/Documents/GitHub/Projects/MayProject/UE_Grapple2/Content/Characters/Heroes/Mannequin/Animations/Locomotion/Rifle/MF_Rifle_Walk_Right.uexp" 754
"C:/Users/oleor/Documents/GitHub/Projects/MayProject/UE_Grapple2/Content/Characters/Heroes/Mannequin/Animations/Locomotion/Rifle/MF_Rifle_Jog_Right.uasset" 755
"C:/Users/oleor/Documents/GitHub/Projects/MayProject/UE_Grapple2/Content/Characters/Heroes/Mannequin/Animations/Locomotion/Rifle/MF_Rifle_Jog_Right.uexp" 756
"C:/Users/oleor/Documents/GitHub/Projects/MayProject/UE_Grapple2/Content/Characters/Heroes/Mannequin/Animations/Locomotion/Rifle/MF_Rifle_Jog_Bwd.uasset" 757
"C:/Users/oleor/Documents/GitHub/Projects/MayProject/UE_Grapple2/Content/Characters/Heroes/Mannequin/Animations/Locomotion/Rifle/MF_Rifle_Jog_Bwd.uexp" 758
"C:/Users/oleor/Documents/GitHub/Projects/MayProject/UE_Grapple2/Content/Characters/Heroes/Mannequin/Animations/Locomotion/Rifle/MM_Rifle_Idle_ADS.uasset" 759
"C:/Users/oleor/Documents/GitHub/Projects/MayProject/UE_Grapple2/Content/Characters/Heroes/Mannequin/Animations/Locomotion/Rifle/MM_Rifle_Idle_ADS.uexp" 760
"C:/Users/oleor/Documents/GitHub/Projects/MayProject/UE_Grapple2/Content/Characters/Heroes/Mannequin/Animations/Locomotion/Rifle/MF_Rifle_Jog_Fwd.uasset" 761
"C:/Users/oleor/Documents/GitHub/Projects/MayProject/UE_Grapple2/Content/Characters/Heroes/Mannequin/Animations/Locomotion/Rifle/MF_Rifle_Jog_Fwd.uexp" 762
"C:/Users/oleor/Documents/GitHub/Projects/MayProject/UE_Grapple2/Content/Characters/Heroes/Mannequin/Animations/Locomotion/Rifle/MF_Rifle_Walk_Left.uasset" 763
"C:/Users/oleor/Documents/GitHub/Projects/MayProject/UE_Grapple2/Content/Characters/Heroes/Mannequin/Animations/Locomotion/Rifle/MF_Rifle_Walk_Left.uexp" 764
"C:/Users/oleor/Documents/GitHub/Projects/MayProject/UE_Grapple2/Content/Characters/Heroes/Mannequin/Animations/Locomotion/Rifle/MF_Rifle_Walk_Bwd.uasset" 765
"C:/Users/oleor/Documents/GitHub/Projects/MayProject/UE_Grapple2/Content/Characters/Heroes/Mannequin/Animations/Locomotion/Rifle/MF_Rifle_Walk_Bwd.uexp" 766
"C:/Users/oleor/Documents/GitHub/Projects/MayProject/UE_Grapple2/Content/Grapple/Enemy/Animation/BlendSpaces/EnemyLocomotion.uasset" 767
"C:/Users/oleor/Documents/GitHub/Projects/MayProject/UE_Grapple2/Content/Grapple/Enemy/Animation/BlendSpaces/EnemyLocomotion.uexp" 768
"C:/Users/oleor/Documents/GitHub/Projects/MayProject/UE_Grapple2/Content/Grapple/Enemy/Animation/ABP_Enemy.uasset" 769
"C:/Users/oleor/Documents/GitHub/Projects/MayProject/UE_Grapple2/Content/Grapple/Enemy/Animation/ABP_Enemy.uexp" 770
"C:/Users/oleor/Documents/GitHub/Projects/MayProject/UE_Grapple2/Content/Characters/Heroes/Mannequin/Animations/Actions/MM_Rifle_Fire.uasset" 771
"C:/Users/oleor/Documents/GitHub/Projects/MayProject/UE_Grapple2/Content/Characters/Heroes/Mannequin/Animations/Actions/MM_Rifle_Fire.uexp" 772
"C:/Users/oleor/Documents/GitHub/Projects/MayProject/UE_Grapple2/Content/Characters/Heroes/Mannequin/Animations/Actions/MM_Rifle_Fire_Montage.uasset" 773
"C:/Users/oleor/Documents/GitHub/Projects/MayProject/UE_Grapple2/Content/Characters/Heroes/Mannequin/Animations/Actions/MM_Rifle_Fire_Montage.uexp" 774
"C:/Users/oleor/Documents/GitHub/Projects/MayProject/UE_Grapple2/Content/Characters/Heroes/Mannequin/Animations/Actions/MM_Death_Front_02.uasset" 775
"C:/Users/oleor/Documents/GitHub/Projects/MayProject/UE_Grapple2/Content/Characters/Heroes/Mannequin/Animations/Actions/MM_Death_Front_02.uexp" 776
"C:/Users/oleor/Documents/GitHub/Projects/MayProject/UE_Grapple2/Content/Characters/Heroes/Mannequin/Animations/Actions/MM_Death_Front_02_Montage.uasset" 777
"C:/Users/oleor/Documents/GitHub/Projects/MayProject/UE_Grapple2/Content/Characters/Heroes/Mannequin/Animations/Actions/MM_Death_Front_02_Montage.uexp" 778
"C:/Users/oleor/Documents/GitHub/Projects/MayProject/UE_Grapple2/Content/Grapple/Enemy/AI/EQC_Player.uasset" 779
"C:/Users/oleor/Documents/GitHub/Projects/MayProject/UE_Grapple2/Content/Grapple/Enemy/AI/EQC_Player.uexp" 780
"C:/Users/oleor/Documents/GitHub/Projects/MayProject/UE_Grapple2/Content/Grapple/Enemy/AI/Tasks/EQ_FindPlayer.uasset" 781
"C:/Users/oleor/Documents/GitHub/Projects/MayProject/UE_Grapple2/Content/Grapple/Enemy/AI/Tasks/EQ_FindPlayer.uexp" 782
"C:/Users/oleor/Documents/GitHub/Projects/MayProject/UE_Grapple2/Content/Grapple/Enemy/AI/Tasks/BTT_SetTriggerPulled.uasset" 783
"C:/Users/oleor/Documents/GitHub/Projects/MayProject/UE_Grapple2/Content/Grapple/Enemy/AI/Tasks/BTT_SetTriggerPulled.uexp" 784
"C:/Users/oleor/Documents/GitHub/Projects/MayProject/UE_Grapple2/Content/Grapple/Enemy/AI/Tasks/BTT_SetFocusOnPlayer.uasset" 785
"C:/Users/oleor/Documents/GitHub/Projects/MayProject/UE_Grapple2/Content/Grapple/Enemy/AI/Tasks/BTT_SetFocusOnPlayer.uexp" 786
"C:/Users/oleor/Documents/GitHub/Projects/MayProject/UE_Grapple2/Content/Grapple/Enemy/AI/Tasks/BTT_GetPlayer.uasset" 787
"C:/Users/oleor/Documents/GitHub/Projects/MayProject/UE_Grapple2/Content/Grapple/Enemy/AI/Tasks/BTT_GetPlayer.uexp" 788
"C:/Users/oleor/Documents/GitHub/Projects/MayProject/UE_Grapple2/Content/Grapple/Enemy/AI/Tasks/EQ_GetNewShootingPoint.uasset" 789
"C:/Users/oleor/Documents/GitHub/Projects/MayProject/UE_Grapple2/Content/Grapple/Enemy/AI/Tasks/EQ_GetNewShootingPoint.uexp" 790
"C:/Users/oleor/Documents/GitHub/Projects/MayProject/UE_Grapple2/Content/Grapple/Enemy/AI/Tasks/BTT_SetMovementSpeed.uasset" 791
"C:/Users/oleor/Documents/GitHub/Projects/MayProject/UE_Grapple2/Content/Grapple/Enemy/AI/Tasks/BTT_SetMovementSpeed.uexp" 792
"C:/Users/oleor/Documents/GitHub/Projects/MayProject/UE_Grapple2/Content/Grapple/Enemy/AI/BB_Enemy.uasset" 793
"C:/Users/oleor/Documents/GitHub/Projects/MayProject/UE_Grapple2/Content/Grapple/Enemy/AI/BB_Enemy.uexp" 794
"C:/Users/oleor/Documents/GitHub/Projects/MayProject/UE_Grapple2/Content/Grapple/Enemy/AI/BT_Enemy.uasset" 795
"C:/Users/oleor/Documents/GitHub/Projects/MayProject/UE_Grapple2/Content/Grapple/Enemy/AI/BT_Enemy.uexp" 796
"C:/Users/oleor/Documents/GitHub/Projects/MayProject/UE_Grapple2/Content/Grapple/Enemy/AI/BP_EnemyAiController.uasset" 797
"C:/Users/oleor/Documents/GitHub/Projects/MayProject/UE_Grapple2/Content/Grapple/Enemy/AI/BP_EnemyAiController.uexp" 798
"C:/Users/oleor/Documents/GitHub/Projects/MayProject/UE_Grapple2/Content/Characters/Heroes/Mannequin/Animations/Actions/MM_Death_Front_03.uasset" 799
"C:/Users/oleor/Documents/GitHub/Projects/MayProject/UE_Grapple2/Content/Characters/Heroes/Mannequin/Animations/Actions/MM_Death_Front_03.uexp" 800
"C:/Users/oleor/Documents/GitHub/Projects/MayProject/UE_Grapple2/Content/Characters/Heroes/Mannequin/Animations/Actions/MM_Death_Front_03_Montage.uasset" 801
"C:/Users/oleor/Documents/GitHub/Projects/MayProject/UE_Grapple2/Content/Characters/Heroes/Mannequin/Animations/Actions/MM_Death_Front_03_Montage.uexp" 802
"C:/Users/oleor/Documents/GitHub/Projects/MayProject/UE_Grapple2/Content/Characters/Heroes/Mannequin/Textures/Manny/T_Manny_01_N.ubulk" 803
"C:/Users/oleor/Documents/GitHub/Projects/MayProject/UE_Grapple2/Content/Characters/Heroes/Mannequin/Textures/Manny/T_Manny_01_N.uasset" 804
"C:/Users/oleor/Documents/GitHub/Projects/MayProject/UE_Grapple2/Content/Characters/Heroes/Mannequin/Textures/Manny/T_Manny_01_N.uexp" 805
"C:/Users/oleor/Documents/GitHub/Projects/MayProject/UE_Grapple2/Content/Characters/Heroes/Mannequin/Textures/Manny/T_Manny_01_MSK1.ubulk" 806
"C:/Users/oleor/Documents/GitHub/Projects/MayProject/UE_Grapple2/Content/Characters/Heroes/Mannequin/Textures/Manny/T_Manny_01_MSK1.uasset" 807
"C:/Users/oleor/Documents/GitHub/Projects/MayProject/UE_Grapple2/Content/Characters/Heroes/Mannequin/Textures/Manny/T_Manny_01_MSK1.uexp" 808
"C:/Users/oleor/Documents/GitHub/Projects/MayProject/UE_Grapple2/Content/Characters/Heroes/Mannequin/Textures/Manny/T_Manny_01_D.ubulk" 809
"C:/Users/oleor/Documents/GitHub/Projects/MayProject/UE_Grapple2/Content/Characters/Heroes/Mannequin/Textures/Manny/T_Manny_01_D.uasset" 810
"C:/Users/oleor/Documents/GitHub/Projects/MayProject/UE_Grapple2/Content/Characters/Heroes/Mannequin/Textures/Manny/T_Manny_01_D.uexp" 811
"C:/Users/oleor/Documents/GitHub/Projects/MayProject/UE_Grapple2/Content/Characters/Heroes/Mannequin/Textures/Manny/T_Manny_01_MSK3.ubulk" 812
"C:/Users/oleor/Documents/GitHub/Projects/MayProject/UE_Grapple2/Content/Characters/Heroes/Mannequin/Textures/Manny/T_Manny_01_MSK3.uasset" 813
"C:/Users/oleor/Documents/GitHub/Projects/MayProject/UE_Grapple2/Content/Characters/Heroes/Mannequin/Textures/Manny/T_Manny_01_MSK3.uexp" 814
"C:/Users/oleor/Documents/GitHub/Projects/MayProject/UE_Grapple2/Content/Characters/Heroes/Mannequin/Textures/Shared/T_Detail_Normal.ubulk" 815
"C:/Users/oleor/Documents/GitHub/Projects/MayProject/UE_Grapple2/Content/Characters/Heroes/Mannequin/Textures/Shared/T_Detail_Normal.uasset" 816
"C:/Users/oleor/Documents/GitHub/Projects/MayProject/UE_Grapple2/Content/Characters/Heroes/Mannequin/Textures/Shared/T_Detail_Normal.uexp" 817
"C:/Users/oleor/Documents/GitHub/Projects/MayProject/UE_Grapple2/Content/Characters/Heroes/Mannequin/Textures/Shared/T_OrangePeel_N.ubulk" 818
"C:/Users/oleor/Documents/GitHub/Projects/MayProject/UE_Grapple2/Content/Characters/Heroes/Mannequin/Textures/Shared/T_OrangePeel_N.uasset" 819
"C:/Users/oleor/Documents/GitHub/Projects/MayProject/UE_Grapple2/Content/Characters/Heroes/Mannequin/Textures/Shared/T_OrangePeel_N.uexp" 820
"../../../Engine/Content/Functions/Engine_MaterialFunctions02/Utility/BlendAngleCorrectedNormals.uasset" 821
"../../../Engine/Content/Functions/Engine_MaterialFunctions02/Utility/BlendAngleCorrectedNormals.uexp" 822
"C:/Users/oleor/Documents/GitHub/Projects/MayProject/UE_Grapple2/Content/Effects/MaterialFunctions/MF_MannequinHitMacro.uasset" 823
"C:/Users/oleor/Documents/GitHub/Projects/MayProject/UE_Grapple2/Content/Effects/MaterialFunctions/MF_MannequinHitMacro.uexp" 824
"../../../Engine/Content/Functions/Engine_MaterialFunctions01/Texturing/FlattenNormal.uasset" 825
"../../../Engine/Content/Functions/Engine_MaterialFunctions01/Texturing/FlattenNormal.uexp" 826
"../../../Engine/Content/Functions/Engine_MaterialFunctions01/Texturing/ScaleUVsByCenter.uasset" 827
"../../../Engine/Content/Functions/Engine_MaterialFunctions01/Texturing/ScaleUVsByCenter.uexp" 828
"../../../Engine/Content/EngineMaterials/Good64x64TilingNoiseHighFreq.uasset" 829
"../../../Engine/Content/EngineMaterials/Good64x64TilingNoiseHighFreq.uexp" 830
"C:/Users/oleor/Documents/GitHub/Projects/MayProject/UE_Grapple2/Content/Characters/Heroes/Mannequin/Materials/Functions/ChromaticCurve2.uasset" 831
"C:/Users/oleor/Documents/GitHub/Projects/MayProject/UE_Grapple2/Content/Characters/Heroes/Mannequin/Materials/Functions/ChromaticCurve2.uexp" 832
"C:/Users/oleor/Documents/GitHub/Projects/MayProject/UE_Grapple2/Content/Characters/Heroes/Mannequin/Materials/Functions/CA_Mannequin_new.uasset" 833
"C:/Users/oleor/Documents/GitHub/Projects/MayProject/UE_Grapple2/Content/Characters/Heroes/Mannequin/Materials/Functions/CA_Mannequin_new.uexp" 834
"../../../Engine/Content/Functions/Engine_MaterialFunctions02/Utility/AppendMany.uasset" 835
"../../../Engine/Content/Functions/Engine_MaterialFunctions02/Utility/AppendMany.uexp" 836
"../../../Engine/Content/Functions/Engine_MaterialFunctions02/Texturing/ScreenAlignedPixelToPixelUVs.uasset" 837
"../../../Engine/Content/Functions/Engine_MaterialFunctions02/Texturing/ScreenAlignedPixelToPixelUVs.uexp" 838
"../../../Engine/Content/Functions/Engine_MaterialFunctions02/Utility/DitherTemporalAA.uasset" 839
"../../../Engine/Content/Functions/Engine_MaterialFunctions02/Utility/DitherTemporalAA.uexp" 840
"C:/Users/oleor/Documents/GitHub/Projects/MayProject/UE_Grapple2/Content/Effects/Textures/General/squares.ubulk" 841
"C:/Users/oleor/Documents/GitHub/Projects/MayProject/UE_Grapple2/Content/Effects/Textures/General/squares.uasset" 842
"C:/Users/oleor/Documents/GitHub/Projects/MayProject/UE_Grapple2/Content/Effects/Textures/General/squares.uexp" 843
"C:/Users/oleor/Documents/GitHub/Projects/MayProject/UE_Grapple2/Content/Effects/MaterialFunctions/MF_MannequinEdge.uasset" 844
"C:/Users/oleor/Documents/GitHub/Projects/MayProject/UE_Grapple2/Content/Effects/MaterialFunctions/MF_MannequinEdge.uexp" 845
"C:/Users/oleor/Documents/GitHub/Projects/MayProject/UE_Grapple2/Content/Characters/Heroes/Mannequin/Textures/Manny/T_Manny_01_MSK.ubulk" 846
"C:/Users/oleor/Documents/GitHub/Projects/MayProject/UE_Grapple2/Content/Characters/Heroes/Mannequin/Textures/Manny/T_Manny_01_MSK.uasset" 847
"C:/Users/oleor/Documents/GitHub/Projects/MayProject/UE_Grapple2/Content/Characters/Heroes/Mannequin/Textures/Manny/T_Manny_01_MSK.uexp" 848
"C:/Users/oleor/Documents/GitHub/Projects/MayProject/UE_Grapple2/Content/Characters/Heroes/Mannequin/Materials/Functions/MF_Diffraction.uasset" 849
"C:/Users/oleor/Documents/GitHub/Projects/MayProject/UE_Grapple2/Content/Characters/Heroes/Mannequin/Materials/Functions/MF_Diffraction.uexp" 850
"C:/Users/oleor/Documents/GitHub/Projects/MayProject/UE_Grapple2/Content/PhysicsMaterials/PM_Character.uasset" 851
"C:/Users/oleor/Documents/GitHub/Projects/MayProject/UE_Grapple2/Content/PhysicsMaterials/PM_Character.uexp" 852
"C:/Users/oleor/Documents/GitHub/Projects/MayProject/UE_Grapple2/Content/Characters/Heroes/Mannequin/Textures/Shared/T_UE_Logo_V2.uasset" 853
"C:/Users/oleor/Documents/GitHub/Projects/MayProject/UE_Grapple2/Content/Characters/Heroes/Mannequin/Textures/Shared/T_UE_Logo_V2.uexp" 854
"C:/Users/oleor/Documents/GitHub/Projects/MayProject/UE_Grapple2/Content/Characters/Heroes/Mannequin/Materials/Functions/MF_BaseColorFallOff.uasset" 855
"C:/Users/oleor/Documents/GitHub/Projects/MayProject/UE_Grapple2/Content/Characters/Heroes/Mannequin/Materials/Functions/MF_BaseColorFallOff.uexp" 856
"C:/Users/oleor/Documents/GitHub/Projects/MayProject/UE_Grapple2/Content/Characters/Heroes/Mannequin/Textures/Manny/T_Manny_01_MSK2.ubulk" 857
"C:/Users/oleor/Documents/GitHub/Projects/MayProject/UE_Grapple2/Content/Characters/Heroes/Mannequin/Textures/Manny/T_Manny_01_MSK2.uasset" 858
"C:/Users/oleor/Documents/GitHub/Projects/MayProject/UE_Grapple2/Content/Characters/Heroes/Mannequin/Textures/Manny/T_Manny_01_MSK2.uexp" 859
"C:/Users/oleor/Documents/GitHub/Projects/MayProject/UE_Grapple2/Content/Effects/MaterialFunctions/MF_MannequinLaunchEdgeGlow.uasset" 860
"C:/Users/oleor/Documents/GitHub/Projects/MayProject/UE_Grapple2/Content/Effects/MaterialFunctions/MF_MannequinLaunchEdgeGlow.uexp" 861
"C:/Users/oleor/Documents/GitHub/Projects/MayProject/UE_Grapple2/Content/Characters/Heroes/Mannequin/Materials/Functions/MF_logo.uasset" 862
"C:/Users/oleor/Documents/GitHub/Projects/MayProject/UE_Grapple2/Content/Characters/Heroes/Mannequin/Materials/Functions/MF_logo.uexp" 863
"C:/Users/oleor/Documents/GitHub/Projects/MayProject/UE_Grapple2/Content/Characters/Heroes/Mannequin/Materials/M_Mannequin.uasset" 864
"C:/Users/oleor/Documents/GitHub/Projects/MayProject/UE_Grapple2/Content/Characters/Heroes/Mannequin/Materials/M_Mannequin.uexp" 865
"C:/Users/oleor/Documents/GitHub/Projects/MayProject/UE_Grapple2/Content/Characters/Heroes/Mannequin/Materials/Instances/Manny/MI_Manny_01_Blue.uasset" 866
"C:/Users/oleor/Documents/GitHub/Projects/MayProject/UE_Grapple2/Content/Characters/Heroes/Mannequin/Materials/Instances/Manny/MI_Manny_01_Blue.uexp" 867
"C:/Users/oleor/Documents/GitHub/Projects/MayProject/UE_Grapple2/Content/Characters/Heroes/Mannequin/Rig/PA_Mannequin.uasset" 868
"C:/Users/oleor/Documents/GitHub/Projects/MayProject/UE_Grapple2/Content/Characters/Heroes/Mannequin/Rig/PA_Mannequin.uexp" 869
"C:/Users/oleor/Documents/GitHub/Projects/MayProject/UE_Grapple2/Content/Characters/Heroes/Mannequin/Rig/Poses/Manny/Manny_foot_l_pose.uasset" 870
"C:/Users/oleor/Documents/GitHub/Projects/MayProject/UE_Grapple2/Content/Characters/Heroes/Mannequin/Rig/Poses/Manny/Manny_foot_l_pose.uexp" 871
"C:/Users/oleor/Documents/GitHub/Projects/MayProject/UE_Grapple2/Content/Characters/Heroes/Mannequin/Rig/Poses/Manny/Manny_clavicle_l_pose.uasset" 872
"C:/Users/oleor/Documents/GitHub/Projects/MayProject/UE_Grapple2/Content/Characters/Heroes/Mannequin/Rig/Poses/Manny/Manny_clavicle_l_pose.uexp" 873
"C:/Users/oleor/Documents/GitHub/Projects/MayProject/UE_Grapple2/Content/Characters/Heroes/Mannequin/Rig/Poses/Manny/Manny_lowerarm_l_pose.uasset" 874
"C:/Users/oleor/Documents/GitHub/Projects/MayProject/UE_Grapple2/Content/Characters/Heroes/Mannequin/Rig/Poses/Manny/Manny_lowerarm_l_pose.uexp" 875
"C:/Users/oleor/Documents/GitHub/Projects/MayProject/UE_Grapple2/Content/Characters/Heroes/Mannequin/Rig/Poses/Manny/Manny_hand_r_pose.uasset" 876
"C:/Users/oleor/Documents/GitHub/Projects/MayProject/UE_Grapple2/Content/Characters/Heroes/Mannequin/Rig/Poses/Manny/Manny_hand_r_pose.uexp" 877
"C:/Users/oleor/Documents/GitHub/Projects/MayProject/UE_Grapple2/Content/Characters/Heroes/Mannequin/Rig/Poses/Manny/Manny_calf_r_pose.uasset" 878
"C:/Users/oleor/Documents/GitHub/Projects/MayProject/UE_Grapple2/Content/Characters/Heroes/Mannequin/Rig/Poses/Manny/Manny_calf_r_pose.uexp" 879
"C:/Users/oleor/Documents/GitHub/Projects/MayProject/UE_Grapple2/Content/Characters/Heroes/Mannequin/Rig/Poses/Manny/Manny_hand_l_pose.uasset" 880
"C:/Users/oleor/Documents/GitHub/Projects/MayProject/UE_Grapple2/Content/Characters/Heroes/Mannequin/Rig/Poses/Manny/Manny_hand_l_pose.uexp" 881
"C:/Users/oleor/Documents/GitHub/Projects/MayProject/UE_Grapple2/Content/Characters/Heroes/Mannequin/Rig/Poses/Manny/Manny_clavicle_r_pose.uasset" 882
"C:/Users/oleor/Documents/GitHub/Projects/MayProject/UE_Grapple2/Content/Characters/Heroes/Mannequin/Rig/Poses/Manny/Manny_clavicle_r_pose.uexp" 883
"C:/Users/oleor/Documents/GitHub/Projects/MayProject/UE_Grapple2/Content/Characters/Heroes/Mannequin/Rig/Poses/Manny/Manny_upperarm_r_pose.uasset" 884
"C:/Users/oleor/Documents/GitHub/Projects/MayProject/UE_Grapple2/Content/Characters/Heroes/Mannequin/Rig/Poses/Manny/Manny_upperarm_r_pose.uexp" 885
"C:/Users/oleor/Documents/GitHub/Projects/MayProject/UE_Grapple2/Content/Characters/Heroes/Mannequin/Rig/Poses/Manny/Manny_thigh_l_pose.uasset" 886
"C:/Users/oleor/Documents/GitHub/Projects/MayProject/UE_Grapple2/Content/Characters/Heroes/Mannequin/Rig/Poses/Manny/Manny_thigh_l_pose.uexp" 887
"C:/Users/oleor/Documents/GitHub/Projects/MayProject/UE_Grapple2/Content/Characters/Heroes/Mannequin/Rig/Poses/Manny/Manny_upperarm_l_pose.uasset" 888
"C:/Users/oleor/Documents/GitHub/Projects/MayProject/UE_Grapple2/Content/Characters/Heroes/Mannequin/Rig/Poses/Manny/Manny_upperarm_l_pose.uexp" 889
"C:/Users/oleor/Documents/GitHub/Projects/MayProject/UE_Grapple2/Content/Characters/Heroes/Mannequin/Rig/Poses/Manny/Manny_foot_r_pose.uasset" 890
"C:/Users/oleor/Documents/GitHub/Projects/MayProject/UE_Grapple2/Content/Characters/Heroes/Mannequin/Rig/Poses/Manny/Manny_foot_r_pose.uexp" 891
"C:/Users/oleor/Documents/GitHub/Projects/MayProject/UE_Grapple2/Content/Characters/Heroes/Mannequin/Rig/Poses/Manny/Manny_calf_l_pose.uasset" 892
"C:/Users/oleor/Documents/GitHub/Projects/MayProject/UE_Grapple2/Content/Characters/Heroes/Mannequin/Rig/Poses/Manny/Manny_calf_l_pose.uexp" 893
"../../../Engine/Plugins/Animation/ControlRig/Content/Controls/DefaultGizmoLibrary.uasset" 894
"../../../Engine/Plugins/Animation/ControlRig/Content/Controls/DefaultGizmoLibrary.uexp" 895
"C:/Users/oleor/Documents/GitHub/Projects/MayProject/UE_Grapple2/Content/Characters/Heroes/Mannequin/Rig/CR_Mannequin_Procedural.uasset" 896
"C:/Users/oleor/Documents/GitHub/Projects/MayProject/UE_Grapple2/Content/Characters/Heroes/Mannequin/Rig/CR_Mannequin_Procedural.uexp" 897
"C:/Users/oleor/Documents/GitHub/Projects/MayProject/UE_Grapple2/Content/Characters/Heroes/Mannequin/Rig/Poses/Manny/Manny_thigh_r_pose.uasset" 898
"C:/Users/oleor/Documents/GitHub/Projects/MayProject/UE_Grapple2/Content/Characters/Heroes/Mannequin/Rig/Poses/Manny/Manny_thigh_r_pose.uexp" 899
"C:/Users/oleor/Documents/GitHub/Projects/MayProject/UE_Grapple2/Content/Characters/Heroes/Mannequin/Rig/Poses/Manny/Manny_lowerarm_r_pose.uasset" 900
"C:/Users/oleor/Documents/GitHub/Projects/MayProject/UE_Grapple2/Content/Characters/Heroes/Mannequin/Rig/Poses/Manny/Manny_lowerarm_r_pose.uexp" 901
"C:/Users/oleor/Documents/GitHub/Projects/MayProject/UE_Grapple2/Content/Characters/Heroes/Mannequin/Rig/ABP_Manny_PostProcess.uasset" 902
"C:/Users/oleor/Documents/GitHub/Projects/MayProject/UE_Grapple2/Content/Characters/Heroes/Mannequin/Rig/ABP_Manny_PostProcess.uexp" 903
"C:/Users/oleor/Documents/GitHub/Projects/MayProject/UE_Grapple2/Content/Characters/Heroes/Mannequin/Textures/Manny/T_Manny_02_N.ubulk" 904
"C:/Users/oleor/Documents/GitHub/Projects/MayProject/UE_Grapple2/Content/Characters/Heroes/Mannequin/Textures/Manny/T_Manny_02_N.uasset" 905
"C:/Users/oleor/Documents/GitHub/Projects/MayProject/UE_Grapple2/Content/Characters/Heroes/Mannequin/Textures/Manny/T_Manny_02_N.uexp" 906
"C:/Users/oleor/Documents/GitHub/Projects/MayProject/UE_Grapple2/Content/Characters/Heroes/Mannequin/Textures/Manny/T_Manny_02_MSK1.ubulk" 907
"C:/Users/oleor/Documents/GitHub/Projects/MayProject/UE_Grapple2/Content/Characters/Heroes/Mannequin/Textures/Manny/T_Manny_02_MSK1.uasset" 908
"C:/Users/oleor/Documents/GitHub/Projects/MayProject/UE_Grapple2/Content/Characters/Heroes/Mannequin/Textures/Manny/T_Manny_02_MSK1.uexp" 909
"C:/Users/oleor/Documents/GitHub/Projects/MayProject/UE_Grapple2/Content/Characters/Heroes/Mannequin/Textures/Manny/T_Manny_02_MSK.ubulk" 910
"C:/Users/oleor/Documents/GitHub/Projects/MayProject/UE_Grapple2/Content/Characters/Heroes/Mannequin/Textures/Manny/T_Manny_02_MSK.uasset" 911
"C:/Users/oleor/Documents/GitHub/Projects/MayProject/UE_Grapple2/Content/Characters/Heroes/Mannequin/Textures/Manny/T_Manny_02_MSK.uexp" 912
"C:/Users/oleor/Documents/GitHub/Projects/MayProject/UE_Grapple2/Content/Characters/Heroes/Mannequin/Textures/Manny/T_Manny_02_MSK2.ubulk" 913
"C:/Users/oleor/Documents/GitHub/Projects/MayProject/UE_Grapple2/Content/Characters/Heroes/Mannequin/Textures/Manny/T_Manny_02_MSK2.uasset" 914
"C:/Users/oleor/Documents/GitHub/Projects/MayProject/UE_Grapple2/Content/Characters/Heroes/Mannequin/Textures/Manny/T_Manny_02_MSK2.uexp" 915
"C:/Users/oleor/Documents/GitHub/Projects/MayProject/UE_Grapple2/Content/Characters/Heroes/Mannequin/Textures/Manny/T_Manny_02_D.ubulk" 916
"C:/Users/oleor/Documents/GitHub/Projects/MayProject/UE_Grapple2/Content/Characters/Heroes/Mannequin/Textures/Manny/T_Manny_02_D.uasset" 917
"C:/Users/oleor/Documents/GitHub/Projects/MayProject/UE_Grapple2/Content/Characters/Heroes/Mannequin/Textures/Manny/T_Manny_02_D.uexp" 918
"C:/Users/oleor/Documents/GitHub/Projects/MayProject/UE_Grapple2/Content/Characters/Heroes/Mannequin/Textures/Manny/T_Manny_02_MSK3.ubulk" 919
"C:/Users/oleor/Documents/GitHub/Projects/MayProject/UE_Grapple2/Content/Characters/Heroes/Mannequin/Textures/Manny/T_Manny_02_MSK3.uasset" 920
"C:/Users/oleor/Documents/GitHub/Projects/MayProject/UE_Grapple2/Content/Characters/Heroes/Mannequin/Textures/Manny/T_Manny_02_MSK3.uexp" 921
"C:/Users/oleor/Documents/GitHub/Projects/MayProject/UE_Grapple2/Content/Characters/Heroes/Mannequin/Materials/Instances/Manny/MI_Manny_02_Blue.uasset" 922
"C:/Users/oleor/Documents/GitHub/Projects/MayProject/UE_Grapple2/Content/Characters/Heroes/Mannequin/Materials/Instances/Manny/MI_Manny_02_Blue.uexp" 923
"C:/Users/oleor/Documents/GitHub/Projects/MayProject/UE_Grapple2/Content/Characters/Heroes/Mannequin/Meshes/SKM_Manny.ubulk" 924
"C:/Users/oleor/Documents/GitHub/Projects/MayProject/UE_Grapple2/Content/Characters/Heroes/Mannequin/Meshes/SKM_Manny.uasset" 925
"C:/Users/oleor/Documents/GitHub/Projects/MayProject/UE_Grapple2/Content/Characters/Heroes/Mannequin/Meshes/SKM_Manny.uexp" 926
"C:/Users/oleor/Documents/GitHub/Projects/MayProject/UE_Grapple2/Content/Characters/Heroes/Mannequin/Animations/Actions/MM_Death_Front_01.uasset" 927
"C:/Users/oleor/Documents/GitHub/Projects/MayProject/UE_Grapple2/Content/Characters/Heroes/Mannequin/Animations/Actions/MM_Death_Front_01.uexp" 928
"C:/Users/oleor/Documents/GitHub/Projects/MayProject/UE_Grapple2/Content/Characters/Heroes/Mannequin/Animations/Actions/MM_Death_Front_01_Montage.uasset" 929
"C:/Users/oleor/Documents/GitHub/Projects/MayProject/UE_Grapple2/Content/Characters/Heroes/Mannequin/Animations/Actions/MM_Death_Front_01_Montage.uexp" 930
"C:/Users/oleor/Documents/GitHub/Projects/MayProject/UE_Grapple2/Content/Grapple/Enemy/BP_Enemy.uasset" 931
"C:/Users/oleor/Documents/GitHub/Projects/MayProject/UE_Grapple2/Content/Grapple/Enemy/BP_Enemy.uexp" 932
"C:/Users/oleor/Documents/GitHub/Projects/MayProject/UE_Grapple2/Content/Grapple/Enemy/BP_EnemyGrappleKickObject.uasset" 933
"C:/Users/oleor/Documents/GitHub/Projects/MayProject/UE_Grapple2/Content/Grapple/Enemy/BP_EnemyGrappleKickObject.uexp" 934
"C:/Users/oleor/Documents/GitHub/Projects/MayProject/UE_Grapple2/Content/Grapple/Turret/Battery.ubulk" 935
"C:/Users/oleor/Documents/GitHub/Projects/MayProject/UE_Grapple2/Content/Grapple/Turret/Battery.uasset" 936
"C:/Users/oleor/Documents/GitHub/Projects/MayProject/UE_Grapple2/Content/Grapple/Turret/Battery.uexp" 937
"C:/Users/oleor/Documents/GitHub/Projects/MayProject/UE_Grapple2/Content/Grapple/Turret/BP_TurretBattery.uasset" 938
"C:/Users/oleor/Documents/GitHub/Projects/MayProject/UE_Grapple2/Content/Grapple/Turret/BP_TurretBattery.uexp" 939
"C:/Users/oleor/Documents/GitHub/Projects/MayProject/UE_Grapple2/Content/Grapple/Turret/Top.ubulk" 940
"C:/Users/oleor/Documents/GitHub/Projects/MayProject/UE_Grapple2/Content/Grapple/Turret/Top.uasset" 941
"C:/Users/oleor/Documents/GitHub/Projects/MayProject/UE_Grapple2/Content/Grapple/Turret/Top.uexp" 942
"C:/Users/oleor/Documents/GitHub/Projects/MayProject/UE_Grapple2/Content/Grapple/Turret/Waist.ubulk" 943
"C:/Users/oleor/Documents/GitHub/Projects/MayProject/UE_Grapple2/Content/Grapple/Turret/Waist.uasset" 944
"C:/Users/oleor/Documents/GitHub/Projects/MayProject/UE_Grapple2/Content/Grapple/Turret/Waist.uexp" 945
"C:/Users/oleor/Documents/GitHub/Projects/MayProject/UE_Grapple2/Content/Grapple/Turret/Bottom.ubulk" 946
"C:/Users/oleor/Documents/GitHub/Projects/MayProject/UE_Grapple2/Content/Grapple/Turret/Bottom.uasset" 947
"C:/Users/oleor/Documents/GitHub/Projects/MayProject/UE_Grapple2/Content/Grapple/Turret/Bottom.uexp" 948
"C:/Users/oleor/Documents/GitHub/Projects/MayProject/UE_Grapple2/Content/Grapple/Turret/Barrels.ubulk" 949
"C:/Users/oleor/Documents/GitHub/Projects/MayProject/UE_Grapple2/Content/Grapple/Turret/Barrels.uasset" 950
"C:/Users/oleor/Documents/GitHub/Projects/MayProject/UE_Grapple2/Content/Grapple/Turret/Barrels.uexp" 951
"C:/Users/oleor/Documents/GitHub/Projects/MayProject/UE_Grapple2/Content/Grapple/Turret/BP_Turret.uasset" 952
"C:/Users/oleor/Documents/GitHub/Projects/MayProject/UE_Grapple2/Content/Grapple/Turret/BP_Turret.uexp" 953
"../../../Engine/Content/Functions/Engine_MaterialFunctions02/Math/Transform3x3Matrix.uasset" 954
"../../../Engine/Content/Functions/Engine_MaterialFunctions02/Math/Transform3x3Matrix.uexp" 955
"../../../Engine/Plugins/Interchange/Assets/Content/gltf/Textures/T_White_srgb.uasset" 956
"../../../Engine/Plugins/Interchange/Assets/Content/gltf/Textures/T_White_srgb.uexp" 957
"../../../Engine/Plugins/Interchange/Assets/Content/gltf/MaterialFunctions/MF_Specular.uasset" 958
"../../../Engine/Plugins/Interchange/Assets/Content/gltf/MaterialFunctions/MF_Specular.uexp" 959
"../../../Engine/Plugins/Interchange/Assets/Content/gltf/Textures/T_Anisotropy_Direction_Linear.uasset" 960
"../../../Engine/Plugins/Interchange/Assets/Content/gltf/Textures/T_Anisotropy_Direction_Linear.uexp" 961
"../../../Engine/Plugins/Interchange/Assets/Content/gltf/MaterialFunctions/MF_SpecularAnisotropy.uasset" 962
"../../../Engine/Plugins/Interchange/Assets/Content/gltf/MaterialFunctions/MF_SpecularAnisotropy.uexp" 963
"../../../Engine/Plugins/Interchange/Assets/Content/gltf/Textures/T_White_Linear.uasset" 964
"../../../Engine/Plugins/Interchange/Assets/Content/gltf/Textures/T_White_Linear.uexp" 965
"../../../Engine/Plugins/Interchange/Assets/Content/gltf/MaterialFunctions/MF_MetallicRoughness.uasset" 966
"../../../Engine/Plugins/Interchange/Assets/Content/gltf/MaterialFunctions/MF_MetallicRoughness.uexp" 967
"../../../Engine/Plugins/Interchange/Assets/Content/gltf/Textures/T_Generic_N.uasset" 968
"../../../Engine/Plugins/Interchange/Assets/Content/gltf/Textures/T_Generic_N.uexp" 969
"../../../Engine/Plugins/Interchange/Assets/Content/gltf/MaterialFunctions/MF_ScaleNormal.uasset" 970
"../../../Engine/Plugins/Interchange/Assets/Content/gltf/MaterialFunctions/MF_ScaleNormal.uexp" 971
"../../../Engine/Plugins/Interchange/Assets/Content/gltf/MaterialFunctions/MF_BaseColor.uasset" 972
"../../../Engine/Plugins/Interchange/Assets/Content/gltf/MaterialFunctions/MF_BaseColor.uexp" 973
"../../../Engine/Plugins/Interchange/Assets/Content/gltf/MaterialFunctions/MF_Iridescence.uasset" 974
"../../../Engine/Plugins/Interchange/Assets/Content/gltf/MaterialFunctions/MF_Iridescence.uexp" 975
"../../../Engine/Plugins/Interchange/Assets/Content/gltf/MaterialFunctions/MF_Occlusion.uasset" 976
"../../../Engine/Plugins/Interchange/Assets/Content/gltf/MaterialFunctions/MF_Occlusion.uexp" 977
"../../../Engine/Plugins/Interchange/Assets/Content/gltf/MaterialFunctions/MF_IOR.uasset" 978
"../../../Engine/Plugins/Interchange/Assets/Content/gltf/MaterialFunctions/MF_IOR.uexp" 979
"../../../Engine/Plugins/Interchange/Assets/Content/gltf/MaterialFunctions/MF_RotateV2.uasset" 980
"../../../Engine/Plugins/Interchange/Assets/Content/gltf/MaterialFunctions/MF_RotateV2.uexp" 981
"../../../Engine/Plugins/Interchange/Assets/Content/gltf/MaterialFunctions/MF_TransformUVs.uasset" 982
"../../../Engine/Plugins/Interchange/Assets/Content/gltf/MaterialFunctions/MF_TransformUVs.uexp" 983
"../../../Engine/Plugins/Interchange/Assets/Content/gltf/MaterialFunctions/MF_Emissive.uasset" 984
"../../../Engine/Plugins/Interchange/Assets/Content/gltf/MaterialFunctions/MF_Emissive.uexp" 985
"../../../Engine/Plugins/Interchange/Assets/Content/gltf/MaterialFunctions/MF_RotateNormals_TS.uasset" 986
"../../../Engine/Plugins/Interchange/Assets/Content/gltf/MaterialFunctions/MF_RotateNormals_TS.uexp" 987
"../../../Engine/Plugins/Interchange/Assets/Content/gltf/MaterialFunctions/MF_Normals.uasset" 988
"../../../Engine/Plugins/Interchange/Assets/Content/gltf/MaterialFunctions/MF_Normals.uexp" 989
"../../../Engine/Plugins/Interchange/Assets/Content/gltf/MaterialFunctions/MF_Clearcoat.uasset" 990
"../../../Engine/Plugins/Interchange/Assets/Content/gltf/MaterialFunctions/MF_Clearcoat.uexp" 991
"../../../Engine/Plugins/Interchange/Assets/Content/gltf/MaterialBodies/MF_ClearCoat_Body.uasset" 992
"../../../Engine/Plugins/Interchange/Assets/Content/gltf/MaterialBodies/MF_ClearCoat_Body.uexp" 993
"../../../Engine/Plugins/Interchange/Assets/Content/gltf/M_ClearCoat.uasset" 994
"../../../Engine/Plugins/Interchange/Assets/Content/gltf/M_ClearCoat.uexp" 995
"../../../Engine/Plugins/Interchange/Assets/Content/gltf/MaterialInstances/MI_ClearCoat_Blend.uasset" 996
"../../../Engine/Plugins/Interchange/Assets/Content/gltf/MaterialInstances/MI_ClearCoat_Blend.uexp" 997
"../../../Engine/Plugins/Interchange/Assets/Content/gltf/MaterialInstances/MI_ClearCoat_Blend_DS.uasset" 998
"../../../Engine/Plugins/Interchange/Assets/Content/gltf/MaterialInstances/MI_ClearCoat_Blend_DS.uexp" 999
"../../../Engine/Plugins/Interchange/Assets/Content/gltf/MaterialInstances/MI_ClearCoat_Mask.uasset" 1000
"../../../Engine/Plugins/Interchange/Assets/Content/gltf/MaterialInstances/MI_ClearCoat_Mask.uexp" 1001
"../../../Engine/Plugins/Interchange/Assets/Content/gltf/MaterialInstances/MI_ClearCoat_Mask_DS.uasset" 1002
"../../../Engine/Plugins/Interchange/Assets/Content/gltf/MaterialInstances/MI_ClearCoat_Mask_DS.uexp" 1003
"../../../Engine/Plugins/Interchange/Assets/Content/gltf/MaterialInstances/MI_ClearCoat_Opaque.uasset" 1004
"../../../Engine/Plugins/Interchange/Assets/Content/gltf/MaterialInstances/MI_ClearCoat_Opaque.uexp" 1005
"../../../Engine/Plugins/Interchange/Assets/Content/gltf/MaterialInstances/MI_ClearCoat_Opaque_DS.uasset" 1006
"../../../Engine/Plugins/Interchange/Assets/Content/gltf/MaterialInstances/MI_ClearCoat_Opaque_DS.uexp" 1007
"../../../Engine/Plugins/Interchange/Assets/Content/gltf/MaterialBodies/MF_Default_Body.uasset" 1008
"../../../Engine/Plugins/Interchange/Assets/Content/gltf/MaterialBodies/MF_Default_Body.uexp" 1009
"../../../Engine/Plugins/Interchange/Assets/Content/gltf/M_Default.uasset" 1010
"../../../Engine/Plugins/Interchange/Assets/Content/gltf/M_Default.uexp" 1011
"../../../Engine/Plugins/Interchange/Assets/Content/gltf/MaterialInstances/MI_Default_Blend.uasset" 1012
"../../../Engine/Plugins/Interchange/Assets/Content/gltf/MaterialInstances/MI_Default_Blend.uexp" 1013
"../../../Engine/Plugins/Interchange/Assets/Content/gltf/MaterialInstances/MI_Default_Blend_DS.uasset" 1014
"../../../Engine/Plugins/Interchange/Assets/Content/gltf/MaterialInstances/MI_Default_Blend_DS.uexp" 1015
"../../../Engine/Plugins/Interchange/Assets/Content/gltf/MaterialInstances/MI_Default_Mask.uasset" 1016
"../../../Engine/Plugins/Interchange/Assets/Content/gltf/MaterialInstances/MI_Default_Mask.uexp" 1017
"../../../Engine/Plugins/Interchange/Assets/Content/gltf/MaterialInstances/MI_Default_Mask_DS.uasset" 1018
"../../../Engine/Plugins/Interchange/Assets/Content/gltf/MaterialInstances/MI_Default_Mask_DS.uexp" 1019
"../../../Engine/Plugins/Interchange/Assets/Content/gltf/MaterialInstances/MI_Default_Opaque.uasset" 1020
"../../../Engine/Plugins/Interchange/Assets/Content/gltf/MaterialInstances/MI_Default_Opaque.uexp" 1021
"../../../Engine/Plugins/Interchange/Assets/Content/gltf/MaterialInstances/MI_Default_Opaque_DS.uasset" 1022
"../../../Engine/Plugins/Interchange/Assets/Content/gltf/MaterialInstances/MI_Default_Opaque_DS.uexp" 1023
"../../../Engine/Plugins/Interchange/Assets/Content/gltf/MaterialFunctions/MF_Sheen.uasset" 1024
"../../../Engine/Plugins/Interchange/Assets/Content/gltf/MaterialFunctions/MF_Sheen.uexp" 1025
"../../../Engine/Plugins/Interchange/Assets/Content/gltf/MaterialBodies/MF_Sheen_Body.uasset" 1026
"../../../Engine/Plugins/Interchange/Assets/Content/gltf/MaterialBodies/MF_Sheen_Body.uexp" 1027
"../../../Engine/Plugins/Interchange/Assets/Content/gltf/M_Sheen.uasset" 1028
"../../../Engine/Plugins/Interchange/Assets/Content/gltf/M_Sheen.uexp" 1029
"../../../Engine/Plugins/Interchange/Assets/Content/gltf/MaterialInstances/MI_Sheen_Blend.uasset" 1030
"../../../Engine/Plugins/Interchange/Assets/Content/gltf/MaterialInstances/MI_Sheen_Blend.uexp" 1031
"../../../Engine/Plugins/Interchange/Assets/Content/gltf/MaterialInstances/MI_Sheen_Blend_DS.uasset" 1032
"../../../Engine/Plugins/Interchange/Assets/Content/gltf/MaterialInstances/MI_Sheen_Blend_DS.uexp" 1033
"../../../Engine/Plugins/Interchange/Assets/Content/gltf/MaterialInstances/MI_Sheen_Mask.uasset" 1034
"../../../Engine/Plugins/Interchange/Assets/Content/gltf/MaterialInstances/MI_Sheen_Mask.uexp" 1035
"../../../Engine/Plugins/Interchange/Assets/Content/gltf/MaterialInstances/MI_Sheen_Mask_DS.uasset" 1036
"../../../Engine/Plugins/Interchange/Assets/Content/gltf/MaterialInstances/MI_Sheen_Mask_DS.uexp" 1037
"../../../Engine/Plugins/Interchange/Assets/Content/gltf/MaterialInstances/MI_Sheen_Opaque.uasset" 1038
"../../../Engine/Plugins/Interchange/Assets/Content/gltf/MaterialInstances/MI_Sheen_Opaque.uexp" 1039
"../../../Engine/Plugins/Interchange/Assets/Content/gltf/MaterialInstances/MI_Sheen_Opaque_DS.uasset" 1040
"../../../Engine/Plugins/Interchange/Assets/Content/gltf/MaterialInstances/MI_Sheen_Opaque_DS.uexp" 1041
"../../../Engine/Content/Functions/Engine_MaterialFunctions02/Math/AddComponents.uasset" 1042
"../../../Engine/Content/Functions/Engine_MaterialFunctions02/Math/AddComponents.uexp" 1043
"../../../Engine/Plugins/Interchange/Assets/Content/gltf/MaterialFunctions/MF_DiffuseSpecGloss.uasset" 1044
"../../../Engine/Plugins/Interchange/Assets/Content/gltf/MaterialFunctions/MF_DiffuseSpecGloss.uexp" 1045
"../../../Engine/Plugins/Interchange/Assets/Content/gltf/MaterialFunctions/MF_PerceivedBrightness.uasset" 1046
"../../../Engine/Plugins/Interchange/Assets/Content/gltf/MaterialFunctions/MF_PerceivedBrightness.uexp" 1047
"../../../Engine/Plugins/Interchange/Assets/Content/gltf/MaterialFunctions/MF_SpecGlossToMetalRoughness.uasset" 1048
"../../../Engine/Plugins/Interchange/Assets/Content/gltf/MaterialFunctions/MF_SpecGlossToMetalRoughness.uexp" 1049
"../../../Engine/Plugins/Interchange/Assets/Content/gltf/MaterialFunctions/MF_MaxComponentValue.uasset" 1050
"../../../Engine/Plugins/Interchange/Assets/Content/gltf/MaterialFunctions/MF_MaxComponentValue.uexp" 1051
"../../../Engine/Plugins/Interchange/Assets/Content/gltf/MaterialBodies/MF_SpecularGlossiness_Body.uasset" 1052
"../../../Engine/Plugins/Interchange/Assets/Content/gltf/MaterialBodies/MF_SpecularGlossiness_Body.uexp" 1053
"../../../Engine/Plugins/Interchange/Assets/Content/gltf/M_SpecularGlossiness.uasset" 1054
"../../../Engine/Plugins/Interchange/Assets/Content/gltf/M_SpecularGlossiness.uexp" 1055
"../../../Engine/Plugins/Interchange/Assets/Content/gltf/MaterialInstances/MI_SpecularGlossiness_Blend.uasset" 1056
"../../../Engine/Plugins/Interchange/Assets/Content/gltf/MaterialInstances/MI_SpecularGlossiness_Blend.uexp" 1057
"../../../Engine/Plugins/Interchange/Assets/Content/gltf/MaterialInstances/MI_SpecularGlossiness_Blend_DS.uasset" 1058
"../../../Engine/Plugins/Interchange/Assets/Content/gltf/MaterialInstances/MI_SpecularGlossiness_Blend_DS.uexp" 1059
"../../../Engine/Plugins/Interchange/Assets/Content/gltf/MaterialInstances/MI_SpecularGlossiness_Mask.uasset" 1060
"../../../Engine/Plugins/Interchange/Assets/Content/gltf/MaterialInstances/MI_SpecularGlossiness_Mask.uexp" 1061
"../../../Engine/Plugins/Interchange/Assets/Content/gltf/MaterialInstances/MI_SpecularGlossiness_Mask_DS.uasset" 1062
"../../../Engine/Plugins/Interchange/Assets/Content/gltf/MaterialInstances/MI_SpecularGlossiness_Mask_DS.uexp" 1063
"../../../Engine/Plugins/Interchange/Assets/Content/gltf/MaterialInstances/MI_SpecularGlossiness_Opaque.uasset" 1064
"../../../Engine/Plugins/Interchange/Assets/Content/gltf/MaterialInstances/MI_SpecularGlossiness_Opaque.uexp" 1065
"../../../Engine/Plugins/Interchange/Assets/Content/gltf/MaterialInstances/MI_SpecularGlossiness_Opaque_DS.uasset" 1066
"../../../Engine/Plugins/Interchange/Assets/Content/gltf/MaterialInstances/MI_SpecularGlossiness_Opaque_DS.uexp" 1067
"../../../Engine/Plugins/Interchange/Assets/Content/gltf/MaterialFunctions/MF_Temporal_Blur.uasset" 1068
"../../../Engine/Plugins/Interchange/Assets/Content/gltf/MaterialFunctions/MF_Temporal_Blur.uexp" 1069
"../../../Engine/Plugins/Interchange/Assets/Content/gltf/MaterialFunctions/MF_Fresnel_DS.uasset" 1070
"../../../Engine/Plugins/Interchange/Assets/Content/gltf/MaterialFunctions/MF_Fresnel_DS.uexp" 1071
"../../../Engine/Plugins/Interchange/Assets/Content/gltf/MaterialFunctions/MF_Transmission.uasset" 1072
"../../../Engine/Plugins/Interchange/Assets/Content/gltf/MaterialFunctions/MF_Transmission.uexp" 1073
"../../../Engine/Plugins/Interchange/Assets/Content/gltf/MaterialBodies/MF_Transmission_Body.uasset" 1074
"../../../Engine/Plugins/Interchange/Assets/Content/gltf/MaterialBodies/MF_Transmission_Body.uexp" 1075
"../../../Engine/Plugins/Interchange/Assets/Content/gltf/M_Transmission.uasset" 1076
"../../../Engine/Plugins/Interchange/Assets/Content/gltf/M_Transmission.uexp" 1077
"../../../Engine/Plugins/Interchange/Assets/Content/gltf/MaterialInstances/MI_Transmission.uasset" 1078
"../../../Engine/Plugins/Interchange/Assets/Content/gltf/MaterialInstances/MI_Transmission.uexp" 1079
"../../../Engine/Plugins/Interchange/Assets/Content/gltf/MaterialInstances/MI_Transmission_DS.uasset" 1080
"../../../Engine/Plugins/Interchange/Assets/Content/gltf/MaterialInstances/MI_Transmission_DS.uexp" 1081
"../../../Engine/Plugins/Interchange/Assets/Content/gltf/MaterialBodies/MF_Unlit_Body.uasset" 1082
"../../../Engine/Plugins/Interchange/Assets/Content/gltf/MaterialBodies/MF_Unlit_Body.uexp" 1083
"../../../Engine/Plugins/Interchange/Assets/Content/gltf/M_Unlit.uasset" 1084
"../../../Engine/Plugins/Interchange/Assets/Content/gltf/M_Unlit.uexp" 1085
"../../../Engine/Plugins/Interchange/Assets/Content/gltf/MaterialInstances/MI_Unlit_Blend.uasset" 1086
"../../../Engine/Plugins/Interchange/Assets/Content/gltf/MaterialInstances/MI_Unlit_Blend.uexp" 1087
"../../../Engine/Plugins/Interchange/Assets/Content/gltf/MaterialInstances/MI_Unlit_Blend_DS.uasset" 1088
"../../../Engine/Plugins/Interchange/Assets/Content/gltf/MaterialInstances/MI_Unlit_Blend_DS.uexp" 1089
"../../../Engine/Plugins/Interchange/Assets/Content/gltf/MaterialInstances/MI_Unlit_Mask.uasset" 1090
"../../../Engine/Plugins/Interchange/Assets/Content/gltf/MaterialInstances/MI_Unlit_Mask.uexp" 1091
"../../../Engine/Plugins/Interchange/Assets/Content/gltf/MaterialInstances/MI_Unlit_Mask_DS.uasset" 1092
"../../../Engine/Plugins/Interchange/Assets/Content/gltf/MaterialInstances/MI_Unlit_Mask_DS.uexp" 1093
"../../../Engine/Plugins/Interchange/Assets/Content/gltf/MaterialInstances/MI_Unlit_Opaque.uasset" 1094
"../../../Engine/Plugins/Interchange/Assets/Content/gltf/MaterialInstances/MI_Unlit_Opaque.uexp" 1095
"../../../Engine/Plugins/Interchange/Assets/Content/gltf/MaterialInstances/MI_Unlit_Opaque_DS.uasset" 1096
"../../../Engine/Plugins/Interchange/Assets/Content/gltf/MaterialInstances/MI_Unlit_Opaque_DS.uexp" 1097
"../../../Engine/Content/EngineSky/VolumetricClouds/T_CloudMask.ubulk" 1098
"../../../Engine/Content/EngineSky/VolumetricClouds/T_CloudMask.uasset" 1099
"../../../Engine/Content/EngineSky/VolumetricClouds/T_CloudMask.uexp" 1100
"../../../Engine/Content/EngineSky/VolumetricClouds/VT_Lightning.uasset" 1101
"../../../Engine/Content/EngineSky/VolumetricClouds/VT_Lightning.uexp" 1102
"../../../Engine/Content/EngineSky/VolumetricClouds/T_Profile_08.ubulk" 1103
"../../../Engine/Content/EngineSky/VolumetricClouds/T_Profile_08.uasset" 1104
"../../../Engine/Content/EngineSky/VolumetricClouds/T_Profile_08.uexp" 1105
"../../../Engine/Content/Functions/Engine_MaterialFunctions02/Utility/MakeFloat4.uasset" 1106
"../../../Engine/Content/Functions/Engine_MaterialFunctions02/Utility/MakeFloat4.uexp" 1107
"../../../Engine/Content/Functions/Engine_MaterialFunctions01/Units/Km-to-Cm.uasset" 1108
"../../../Engine/Content/Functions/Engine_MaterialFunctions01/Units/Km-to-Cm.uexp" 1109
"../../../Engine/Content/Functions/Engine_MaterialFunctions02/Utility/BreakOutFloat4Components.uasset" 1110
"../../../Engine/Content/Functions/Engine_MaterialFunctions02/Utility/BreakOutFloat4Components.uexp" 1111
"../../../Engine/Content/EngineSky/VolumetricClouds/T_CloudPattern.ubulk" 1112
"../../../Engine/Content/EngineSky/VolumetricClouds/T_CloudPattern.uasset" 1113
"../../../Engine/Content/EngineSky/VolumetricClouds/T_CloudPattern.uexp" 1114
"../../../Engine/Content/EngineSky/VolumetricClouds/VT_PerlinWorley_Balanced.uasset" 1115
"../../../Engine/Content/EngineSky/VolumetricClouds/VT_PerlinWorley_Balanced.uexp" 1116
"../../../Engine/Content/EngineSky/VolumetricClouds/m_SimpleVolumetricCloud.uasset" 1117
"../../../Engine/Content/EngineSky/VolumetricClouds/m_SimpleVolumetricCloud.uexp" 1118
"../../../Engine/Content/EngineSky/VolumetricClouds/m_SimpleVolumetricCloud_Inst.uasset" 1119
"../../../Engine/Content/EngineSky/VolumetricClouds/m_SimpleVolumetricCloud_Inst.uexp" 1120
"../../../Engine/Content/BasicShapes/Cone.ubulk" 1121
"../../../Engine/Content/BasicShapes/Cone.uasset" 1122
"../../../Engine/Content/BasicShapes/Cone.uexp" 1123
"../../../Engine/Content/BasicShapes/Cylinder.ubulk" 1124
"../../../Engine/Content/BasicShapes/Cylinder.uasset" 1125
"../../../Engine/Content/BasicShapes/Cylinder.uexp" 1126
"../../../Engine/Content/BasicShapes/Plane.ubulk" 1127
"../../../Engine/Content/BasicShapes/Plane.uasset" 1128
"../../../Engine/Content/BasicShapes/Plane.uexp" 1129
"../../../Engine/Content/EditorLandscapeResources/SplineEditorMeshMat.uasset" 1130
"../../../Engine/Content/EditorLandscapeResources/SplineEditorMeshMat.uexp" 1131
"../../../Engine/Content/EditorLandscapeResources/SplineEditorMesh.ubulk" 1132
"../../../Engine/Content/EditorLandscapeResources/SplineEditorMesh.uasset" 1133
"../../../Engine/Content/EditorLandscapeResources/SplineEditorMesh.uexp" 1134
"../../../Engine/Content/EngineMaterials/WeightMapPlaceholderTexture.uasset" 1135
"../../../Engine/Content/EngineMaterials/WeightMapPlaceholderTexture.uexp" 1136
"../../../Engine/Content/EngineMaterials/WeightMapArrayPlaceholderTexture.uasset" 1137
"../../../Engine/Content/EngineMaterials/WeightMapArrayPlaceholderTexture.uexp" 1138
"../../../Engine/Content/EngineResources/WhiteSquareTexture.uasset" 1139
"../../../Engine/Content/EngineResources/WhiteSquareTexture.uexp" 1140
"../../../Engine/Content/EngineMaterials/Widget3DPassThrough.uasset" 1141
"../../../Engine/Content/EngineMaterials/Widget3DPassThrough.uexp" 1142
"../../../Engine/Content/EngineMaterials/Widget3DPassThrough_Masked.uasset" 1143
"../../../Engine/Content/EngineMaterials/Widget3DPassThrough_Masked.uexp" 1144
"../../../Engine/Content/EngineMaterials/Widget3DPassThrough_Opaque.uasset" 1145
"../../../Engine/Content/EngineMaterials/Widget3DPassThrough_Opaque.uexp" 1146
"../../../Engine/Content/EngineMaterials/Widget3DPassThrough_Masked_OneSided.uasset" 1147
"../../../Engine/Content/EngineMaterials/Widget3DPassThrough_Masked_OneSided.uexp" 1148
"../../../Engine/Content/EngineMaterials/Widget3DPassThrough_Opaque_OneSided.uasset" 1149
"../../../Engine/Content/EngineMaterials/Widget3DPassThrough_Opaque_OneSided.uexp" 1150
"../../../Engine/Content/EngineMaterials/Widget3DPassThrough_Translucent.uasset" 1151
"../../../Engine/Content/EngineMaterials/Widget3DPassThrough_Translucent.uexp" 1152
"../../../Engine/Content/EngineMaterials/Widget3DPassThrough_Translucent_OneSided.uasset" 1153
"../../../Engine/Content/EngineMaterials/Widget3DPassThrough_Translucent_OneSided.uexp" 1154
"../../../Engine/Content/EngineMeshes/Sphere.ubulk" 1155
"../../../Engine/Content/EngineMeshes/Sphere.uasset" 1156
"../../../Engine/Content/EngineMeshes/Sphere.uexp" 1157
"../../../Engine/Plugins/Animation/ControlRig/Content/Controls/ControlRig_Arrow2_1mm.ubulk" 1158
"../../../Engine/Plugins/Animation/ControlRig/Content/Controls/ControlRig_Arrow2_1mm.uasset" 1159
"../../../Engine/Plugins/Animation/ControlRig/Content/Controls/ControlRig_Arrow2_1mm.uexp" 1160
"../../../Engine/Plugins/Animation/ControlRig/Content/Controls/ControlRig_Arrow2_3mm.ubulk" 1161
"../../../Engine/Plugins/Animation/ControlRig/Content/Controls/ControlRig_Arrow2_3mm.uasset" 1162
"../../../Engine/Plugins/Animation/ControlRig/Content/Controls/ControlRig_Arrow2_3mm.uexp" 1163
"../../../Engine/Plugins/Animation/ControlRig/Content/Controls/ControlRig_Arrow2_solid.ubulk" 1164
"../../../Engine/Plugins/Animation/ControlRig/Content/Controls/ControlRig_Arrow2_solid.uasset" 1165
"../../../Engine/Plugins/Animation/ControlRig/Content/Controls/ControlRig_Arrow2_solid.uexp" 1166
"../../../Engine/Plugins/Animation/ControlRig/Content/Controls/ControlRig_Arrow4_1mm.ubulk" 1167
"../../../Engine/Plugins/Animation/ControlRig/Content/Controls/ControlRig_Arrow4_1mm.uasset" 1168
"../../../Engine/Plugins/Animation/ControlRig/Content/Controls/ControlRig_Arrow4_1mm.uexp" 1169
"../../../Engine/Plugins/Animation/ControlRig/Content/Controls/ControlRig_Arrow4_3mm.ubulk" 1170
"../../../Engine/Plugins/Animation/ControlRig/Content/Controls/ControlRig_Arrow4_3mm.uasset" 1171
"../../../Engine/Plugins/Animation/ControlRig/Content/Controls/ControlRig_Arrow4_3mm.uexp" 1172
"../../../Engine/Plugins/Animation/ControlRig/Content/Controls/ControlRig_Arrow4_solid.ubulk" 1173
"../../../Engine/Plugins/Animation/ControlRig/Content/Controls/ControlRig_Arrow4_solid.uasset" 1174
"../../../Engine/Plugins/Animation/ControlRig/Content/Controls/ControlRig_Arrow4_solid.uexp" 1175
"../../../Engine/Plugins/Animation/ControlRig/Content/Controls/ControlRig_Arrow_1mm.ubulk" 1176
"../../../Engine/Plugins/Animation/ControlRig/Content/Controls/ControlRig_Arrow_1mm.uasset" 1177
"../../../Engine/Plugins/Animation/ControlRig/Content/Controls/ControlRig_Arrow_1mm.uexp" 1178
"../../../Engine/Plugins/Animation/ControlRig/Content/Controls/ControlRig_Arrow_3mm.ubulk" 1179
"../../../Engine/Plugins/Animation/ControlRig/Content/Controls/ControlRig_Arrow_3mm.uasset" 1180
"../../../Engine/Plugins/Animation/ControlRig/Content/Controls/ControlRig_Arrow_3mm.uexp" 1181
"../../../Engine/Plugins/Animation/ControlRig/Content/Controls/ControlRig_Arrow_solid.ubulk" 1182
"../../../Engine/Plugins/Animation/ControlRig/Content/Controls/ControlRig_Arrow_solid.uasset" 1183
"../../../Engine/Plugins/Animation/ControlRig/Content/Controls/ControlRig_Arrow_solid.uexp" 1184
"../../../Engine/Plugins/Animation/ControlRig/Content/Controls/ControlRig_Box_1mm.ubulk" 1185
"../../../Engine/Plugins/Animation/ControlRig/Content/Controls/ControlRig_Box_1mm.uasset" 1186
"../../../Engine/Plugins/Animation/ControlRig/Content/Controls/ControlRig_Box_1mm.uexp" 1187
"../../../Engine/Plugins/Animation/ControlRig/Content/Controls/ControlRig_Box_3mm.ubulk" 1188
"../../../Engine/Plugins/Animation/ControlRig/Content/Controls/ControlRig_Box_3mm.uasset" 1189
"../../../Engine/Plugins/Animation/ControlRig/Content/Controls/ControlRig_Box_3mm.uexp" 1190
"../../../Engine/Plugins/Animation/ControlRig/Content/Controls/ControlRig_Box_solid.ubulk" 1191
"../../../Engine/Plugins/Animation/ControlRig/Content/Controls/ControlRig_Box_solid.uasset" 1192
"../../../Engine/Plugins/Animation/ControlRig/Content/Controls/ControlRig_Box_solid.uexp" 1193
"../../../Engine/Plugins/Animation/ControlRig/Content/Controls/ControlRig_Circle_1mm.ubulk" 1194
"../../../Engine/Plugins/Animation/ControlRig/Content/Controls/ControlRig_Circle_1mm.uasset" 1195
"../../../Engine/Plugins/Animation/ControlRig/Content/Controls/ControlRig_Circle_1mm.uexp" 1196
"../../../Engine/Plugins/Animation/ControlRig/Content/Controls/ControlRig_Circle_3mm.ubulk" 1197
"../../../Engine/Plugins/Animation/ControlRig/Content/Controls/ControlRig_Circle_3mm.uasset" 1198
"../../../Engine/Plugins/Animation/ControlRig/Content/Controls/ControlRig_Circle_3mm.uexp" 1199
"../../../Engine/Plugins/Animation/ControlRig/Content/Controls/ControlRig_Circle_solid.ubulk" 1200
"../../../Engine/Plugins/Animation/ControlRig/Content/Controls/ControlRig_Circle_solid.uasset" 1201
"../../../Engine/Plugins/Animation/ControlRig/Content/Controls/ControlRig_Circle_solid.uexp" 1202
"../../../Engine/Plugins/Animation/ControlRig/Content/Controls/ControlRig_Diamond_1mm.ubulk" 1203
"../../../Engine/Plugins/Animation/ControlRig/Content/Controls/ControlRig_Diamond_1mm.uasset" 1204
"../../../Engine/Plugins/Animation/ControlRig/Content/Controls/ControlRig_Diamond_1mm.uexp" 1205
"../../../Engine/Plugins/Animation/ControlRig/Content/Controls/ControlRig_Diamond_3mm.ubulk" 1206
"../../../Engine/Plugins/Animation/ControlRig/Content/Controls/ControlRig_Diamond_3mm.uasset" 1207
"../../../Engine/Plugins/Animation/ControlRig/Content/Controls/ControlRig_Diamond_3mm.uexp" 1208
"../../../Engine/Plugins/Animation/ControlRig/Content/Controls/ControlRig_HalfCircle_1mm.ubulk" 1209
"../../../Engine/Plugins/Animation/ControlRig/Content/Controls/ControlRig_HalfCircle_1mm.uasset" 1210
"../../../Engine/Plugins/Animation/ControlRig/Content/Controls/ControlRig_HalfCircle_1mm.uexp" 1211
"../../../Engine/Plugins/Animation/ControlRig/Content/Controls/ControlRig_HalfCircle_3mm.ubulk" 1212
"../../../Engine/Plugins/Animation/ControlRig/Content/Controls/ControlRig_HalfCircle_3mm.uasset" 1213
"../../../Engine/Plugins/Animation/ControlRig/Content/Controls/ControlRig_HalfCircle_3mm.uexp" 1214
"../../../Engine/Plugins/Animation/ControlRig/Content/Controls/ControlRig_HalfCircle_solid.ubulk" 1215
"../../../Engine/Plugins/Animation/ControlRig/Content/Controls/ControlRig_HalfCircle_solid.uasset" 1216
"../../../Engine/Plugins/Animation/ControlRig/Content/Controls/ControlRig_HalfCircle_solid.uexp" 1217
"../../../Engine/Plugins/Animation/ControlRig/Content/Controls/ControlRig_Hexagon_1mm.ubulk" 1218
"../../../Engine/Plugins/Animation/ControlRig/Content/Controls/ControlRig_Hexagon_1mm.uasset" 1219
"../../../Engine/Plugins/Animation/ControlRig/Content/Controls/ControlRig_Hexagon_1mm.uexp" 1220
"../../../Engine/Plugins/Animation/ControlRig/Content/Controls/ControlRig_Hexagon_3mm.ubulk" 1221
"../../../Engine/Plugins/Animation/ControlRig/Content/Controls/ControlRig_Hexagon_3mm.uasset" 1222
"../../../Engine/Plugins/Animation/ControlRig/Content/Controls/ControlRig_Hexagon_3mm.uexp" 1223
"../../../Engine/Plugins/Animation/ControlRig/Content/Controls/ControlRig_Hexagon_solid.ubulk" 1224
"../../../Engine/Plugins/Animation/ControlRig/Content/Controls/ControlRig_Hexagon_solid.uasset" 1225
"../../../Engine/Plugins/Animation/ControlRig/Content/Controls/ControlRig_Hexagon_solid.uexp" 1226
"../../../Engine/Plugins/Animation/ControlRig/Content/Controls/ControlRig_Octagon_1mm.ubulk" 1227
"../../../Engine/Plugins/Animation/ControlRig/Content/Controls/ControlRig_Octagon_1mm.uasset" 1228
"../../../Engine/Plugins/Animation/ControlRig/Content/Controls/ControlRig_Octagon_1mm.uexp" 1229
"../../../Engine/Plugins/Animation/ControlRig/Content/Controls/ControlRig_Octagon_3mm.ubulk" 1230
"../../../Engine/Plugins/Animation/ControlRig/Content/Controls/ControlRig_Octagon_3mm.uasset" 1231
"../../../Engine/Plugins/Animation/ControlRig/Content/Controls/ControlRig_Octagon_3mm.uexp" 1232
"../../../Engine/Plugins/Animation/ControlRig/Content/Controls/ControlRig_Octagon_solid.ubulk" 1233
"../../../Engine/Plugins/Animation/ControlRig/Content/Controls/ControlRig_Octagon_solid.uasset" 1234
"../../../Engine/Plugins/Animation/ControlRig/Content/Controls/ControlRig_Octagon_solid.uexp" 1235
"../../../Engine/Plugins/Animation/ControlRig/Content/Controls/ControlRig_Pyramid_1mm.ubulk" 1236
"../../../Engine/Plugins/Animation/ControlRig/Content/Controls/ControlRig_Pyramid_1mm.uasset" 1237
"../../../Engine/Plugins/Animation/ControlRig/Content/Controls/ControlRig_Pyramid_1mm.uexp" 1238
"../../../Engine/Plugins/Animation/ControlRig/Content/Controls/ControlRig_Pyramid_3mm.ubulk" 1239
"../../../Engine/Plugins/Animation/ControlRig/Content/Controls/ControlRig_Pyramid_3mm.uasset" 1240
"../../../Engine/Plugins/Animation/ControlRig/Content/Controls/ControlRig_Pyramid_3mm.uexp" 1241
"../../../Engine/Plugins/Animation/ControlRig/Content/Controls/ControlRig_Pyramid_solid.ubulk" 1242
"../../../Engine/Plugins/Animation/ControlRig/Content/Controls/ControlRig_Pyramid_solid.uasset" 1243
"../../../Engine/Plugins/Animation/ControlRig/Content/Controls/ControlRig_Pyramid_solid.uexp" 1244
"../../../Engine/Plugins/Animation/ControlRig/Content/Controls/ControlRig_QuarterCircle_1mm.ubulk" 1245
"../../../Engine/Plugins/Animation/ControlRig/Content/Controls/ControlRig_QuarterCircle_1mm.uasset" 1246
"../../../Engine/Plugins/Animation/ControlRig/Content/Controls/ControlRig_QuarterCircle_1mm.uexp" 1247
"../../../Engine/Plugins/Animation/ControlRig/Content/Controls/ControlRig_QuarterCircle_3mm.ubulk" 1248
"../../../Engine/Plugins/Animation/ControlRig/Content/Controls/ControlRig_QuarterCircle_3mm.uasset" 1249
"../../../Engine/Plugins/Animation/ControlRig/Content/Controls/ControlRig_QuarterCircle_3mm.uexp" 1250
"../../../Engine/Plugins/Animation/ControlRig/Content/Controls/ControlRig_QuarterCircle_solid.ubulk" 1251
"../../../Engine/Plugins/Animation/ControlRig/Content/Controls/ControlRig_QuarterCircle_solid.uasset" 1252
"../../../Engine/Plugins/Animation/ControlRig/Content/Controls/ControlRig_QuarterCircle_solid.uexp" 1253
"../../../Engine/Plugins/Animation/ControlRig/Content/Controls/ControlRig_RoundedSquare_1mm.ubulk" 1254
"../../../Engine/Plugins/Animation/ControlRig/Content/Controls/ControlRig_RoundedSquare_1mm.uasset" 1255
"../../../Engine/Plugins/Animation/ControlRig/Content/Controls/ControlRig_RoundedSquare_1mm.uexp" 1256
"../../../Engine/Plugins/Animation/ControlRig/Content/Controls/ControlRig_RoundedSquare_3mm.ubulk" 1257
"../../../Engine/Plugins/Animation/ControlRig/Content/Controls/ControlRig_RoundedSquare_3mm.uasset" 1258
"../../../Engine/Plugins/Animation/ControlRig/Content/Controls/ControlRig_RoundedSquare_3mm.uexp" 1259
"../../../Engine/Plugins/Animation/ControlRig/Content/Controls/ControlRig_RoundedSquare_solid.ubulk" 1260
"../../../Engine/Plugins/Animation/ControlRig/Content/Controls/ControlRig_RoundedSquare_solid.uasset" 1261
"../../../Engine/Plugins/Animation/ControlRig/Content/Controls/ControlRig_RoundedSquare_solid.uexp" 1262
"../../../Engine/Plugins/Animation/ControlRig/Content/Controls/ControlRig_RoundedTriangle_1mm.ubulk" 1263
"../../../Engine/Plugins/Animation/ControlRig/Content/Controls/ControlRig_RoundedTriangle_1mm.uasset" 1264
"../../../Engine/Plugins/Animation/ControlRig/Content/Controls/ControlRig_RoundedTriangle_1mm.uexp" 1265
"../../../Engine/Plugins/Animation/ControlRig/Content/Controls/ControlRig_RoundedTriangle_3mm.ubulk" 1266
"../../../Engine/Plugins/Animation/ControlRig/Content/Controls/ControlRig_RoundedTriangle_3mm.uasset" 1267
"../../../Engine/Plugins/Animation/ControlRig/Content/Controls/ControlRig_RoundedTriangle_3mm.uexp" 1268
"../../../Engine/Plugins/Animation/ControlRig/Content/Controls/ControlRig_RoundedTriangle_solid.ubulk" 1269
"../../../Engine/Plugins/Animation/ControlRig/Content/Controls/ControlRig_RoundedTriangle_solid.uasset" 1270
"../../../Engine/Plugins/Animation/ControlRig/Content/Controls/ControlRig_RoundedTriangle_solid.uexp" 1271
"../../../Engine/Plugins/Animation/ControlRig/Content/Controls/ControlRig_Sphere_1mm.ubulk" 1272
"../../../Engine/Plugins/Animation/ControlRig/Content/Controls/ControlRig_Sphere_1mm.uasset" 1273
"../../../Engine/Plugins/Animation/ControlRig/Content/Controls/ControlRig_Sphere_1mm.uexp" 1274
"../../../Engine/Plugins/Animation/ControlRig/Content/Controls/ControlRig_Sphere_3mm.ubulk" 1275
"../../../Engine/Plugins/Animation/ControlRig/Content/Controls/ControlRig_Sphere_3mm.uasset" 1276
"../../../Engine/Plugins/Animation/ControlRig/Content/Controls/ControlRig_Sphere_3mm.uexp" 1277
"../../../Engine/Plugins/Animation/ControlRig/Content/Controls/ControlRig_Sphere_solid.ubulk" 1278
"../../../Engine/Plugins/Animation/ControlRig/Content/Controls/ControlRig_Sphere_solid.uasset" 1279
"../../../Engine/Plugins/Animation/ControlRig/Content/Controls/ControlRig_Sphere_solid.uexp" 1280
"../../../Engine/Plugins/Animation/ControlRig/Content/Controls/ControlRig_Square_1mm.ubulk" 1281
"../../../Engine/Plugins/Animation/ControlRig/Content/Controls/ControlRig_Square_1mm.uasset" 1282
"../../../Engine/Plugins/Animation/ControlRig/Content/Controls/ControlRig_Square_1mm.uexp" 1283
"../../../Engine/Plugins/Animation/ControlRig/Content/Controls/ControlRig_Square_3mm.ubulk" 1284
"../../../Engine/Plugins/Animation/ControlRig/Content/Controls/ControlRig_Square_3mm.uasset" 1285
"../../../Engine/Plugins/Animation/ControlRig/Content/Controls/ControlRig_Square_3mm.uexp" 1286
"../../../Engine/Plugins/Animation/ControlRig/Content/Controls/ControlRig_Square_solid.ubulk" 1287
"../../../Engine/Plugins/Animation/ControlRig/Content/Controls/ControlRig_Square_solid.uasset" 1288
"../../../Engine/Plugins/Animation/ControlRig/Content/Controls/ControlRig_Square_solid.uexp" 1289
"../../../Engine/Plugins/Animation/ControlRig/Content/Controls/ControlRig_Star4_1mm.ubulk" 1290
"../../../Engine/Plugins/Animation/ControlRig/Content/Controls/ControlRig_Star4_1mm.uasset" 1291
"../../../Engine/Plugins/Animation/ControlRig/Content/Controls/ControlRig_Star4_1mm.uexp" 1292
"../../../Engine/Plugins/Animation/ControlRig/Content/Controls/ControlRig_Star4_3mm.ubulk" 1293
"../../../Engine/Plugins/Animation/ControlRig/Content/Controls/ControlRig_Star4_3mm.uasset" 1294
"../../../Engine/Plugins/Animation/ControlRig/Content/Controls/ControlRig_Star4_3mm.uexp" 1295
"../../../Engine/Plugins/Animation/ControlRig/Content/Controls/ControlRig_Star4_solid.ubulk" 1296
"../../../Engine/Plugins/Animation/ControlRig/Content/Controls/ControlRig_Star4_solid.uasset" 1297
"../../../Engine/Plugins/Animation/ControlRig/Content/Controls/ControlRig_Star4_solid.uexp" 1298
"../../../Engine/Plugins/Animation/ControlRig/Content/Controls/ControlRig_Triangle_1mm.ubulk" 1299
"../../../Engine/Plugins/Animation/ControlRig/Content/Controls/ControlRig_Triangle_1mm.uasset" 1300
"../../../Engine/Plugins/Animation/ControlRig/Content/Controls/ControlRig_Triangle_1mm.uexp" 1301
"../../../Engine/Plugins/Animation/ControlRig/Content/Controls/ControlRig_Triangle_3mm.ubulk" 1302
"../../../Engine/Plugins/Animation/ControlRig/Content/Controls/ControlRig_Triangle_3mm.uasset" 1303
"../../../Engine/Plugins/Animation/ControlRig/Content/Controls/ControlRig_Triangle_3mm.uexp" 1304
"../../../Engine/Plugins/Animation/ControlRig/Content/Controls/ControlRig_Triangle_solid.ubulk" 1305
"../../../Engine/Plugins/Animation/ControlRig/Content/Controls/ControlRig_Triangle_solid.uasset" 1306
"../../../Engine/Plugins/Animation/ControlRig/Content/Controls/ControlRig_Triangle_solid.uexp" 1307
"../../../Engine/Plugins/Animation/ControlRig/Content/Controls/ControlRig_Wedge_1mm.ubulk" 1308
"../../../Engine/Plugins/Animation/ControlRig/Content/Controls/ControlRig_Wedge_1mm.uasset" 1309
"../../../Engine/Plugins/Animation/ControlRig/Content/Controls/ControlRig_Wedge_1mm.uexp" 1310
"../../../Engine/Plugins/Animation/ControlRig/Content/Controls/ControlRig_Wedge_3mm.ubulk" 1311
"../../../Engine/Plugins/Animation/ControlRig/Content/Controls/ControlRig_Wedge_3mm.uasset" 1312
"../../../Engine/Plugins/Animation/ControlRig/Content/Controls/ControlRig_Wedge_3mm.uexp" 1313
"../../../Engine/Plugins/Animation/ControlRig/Content/Controls/ControlRig_Wedge_solid.ubulk" 1314
"../../../Engine/Plugins/Animation/ControlRig/Content/Controls/ControlRig_Wedge_solid.uasset" 1315
"../../../Engine/Plugins/Animation/ControlRig/Content/Controls/ControlRig_Wedge_solid.uexp" 1316
"../../../Engine/Content/Functions/Engine_MaterialFunctions02/Texturing/CustomRotator.uasset" 1317
"../../../Engine/Content/Functions/Engine_MaterialFunctions02/Texturing/CustomRotator.uexp" 1318
"../../../Engine/Content/Functions/Engine_MaterialFunctions01/Gradient/GeneratedRoundRect.uasset" 1319
"../../../Engine/Content/Functions/Engine_MaterialFunctions01/Gradient/GeneratedRoundRect.uexp" 1320
"../../../Engine/Content/Functions/Engine_MaterialFunctions01/Gradient/SphereGradient-2D.uasset" 1321
"../../../Engine/Content/Functions/Engine_MaterialFunctions01/Gradient/SphereGradient-2D.uexp" 1322
"../../../Engine/Plugins/Runtime/AudioWidgets/Content/AudioMaterialSlate/Functions/MF_DotOutlined.uasset" 1323
"../../../Engine/Plugins/Runtime/AudioWidgets/Content/AudioMaterialSlate/Functions/MF_DotOutlined.uexp" 1324
"../../../Engine/Plugins/Runtime/AudioWidgets/Content/AudioMaterialSlate/M_AudioMaterialEnvelope_ADSR.uasset" 1325
"../../../Engine/Plugins/Runtime/AudioWidgets/Content/AudioMaterialSlate/M_AudioMaterialEnvelope_ADSR.uexp" 1326
"../../../Engine/Plugins/Runtime/AudioWidgets/Content/AudioMaterialSlate/MI_AudioMaterialEnvelope_ADSR.uasset" 1327
"../../../Engine/Plugins/Runtime/AudioWidgets/Content/AudioMaterialSlate/MI_AudioMaterialEnvelope_ADSR.uexp" 1328
"../../../Engine/Plugins/Runtime/AudioWidgets/Content/AudioMaterialSlate/Functions/MF_SingleLine_Smooth.uasset" 1329
"../../../Engine/Plugins/Runtime/AudioWidgets/Content/AudioMaterialSlate/Functions/MF_SingleLine_Smooth.uexp" 1330
"../../../Engine/Plugins/Runtime/AudioWidgets/Content/AudioMaterialSlate/Functions/MF_AngleGradient.uasset" 1331
"../../../Engine/Plugins/Runtime/AudioWidgets/Content/AudioMaterialSlate/Functions/MF_AngleGradient.uexp" 1332
"../../../Engine/Content/Functions/Engine_MaterialFunctions02/Lerp_3Color.uasset" 1333
"../../../Engine/Content/Functions/Engine_MaterialFunctions02/Lerp_3Color.uexp" 1334
"../../../Engine/Plugins/Runtime/AudioWidgets/Content/AudioMaterialSlate/M_AudioMaterialKnob.uasset" 1335
"../../../Engine/Plugins/Runtime/AudioWidgets/Content/AudioMaterialSlate/M_AudioMaterialKnob.uexp" 1336
"../../../Engine/Plugins/Runtime/AudioWidgets/Content/AudioMaterialSlate/MI_AudioMaterialKnob.uasset" 1337
"../../../Engine/Plugins/Runtime/AudioWidgets/Content/AudioMaterialSlate/MI_AudioMaterialKnob.uexp" 1338
"../../../Engine/Plugins/Runtime/AudioWidgets/Content/AudioMaterialSlate/Functions/MF_Lines.uasset" 1339
"../../../Engine/Plugins/Runtime/AudioWidgets/Content/AudioMaterialSlate/Functions/MF_Lines.uexp" 1340
"../../../Engine/Plugins/Runtime/AudioWidgets/Content/AudioMaterialSlate/M_AudioMaterialMeter.uasset" 1341
"../../../Engine/Plugins/Runtime/AudioWidgets/Content/AudioMaterialSlate/M_AudioMaterialMeter.uexp" 1342
"../../../Engine/Plugins/Runtime/AudioWidgets/Content/AudioMaterialSlate/MI_AudioMaterialMeter.uasset" 1343
"../../../Engine/Plugins/Runtime/AudioWidgets/Content/AudioMaterialSlate/MI_AudioMaterialMeter.uexp" 1344
"../../../Engine/Plugins/Runtime/AudioWidgets/Content/AudioMaterialSlate/M_AudioMaterialRoundedSlider.uasset" 1345
"../../../Engine/Plugins/Runtime/AudioWidgets/Content/AudioMaterialSlate/M_AudioMaterialRoundedSlider.uexp" 1346
"../../../Engine/Plugins/Runtime/AudioWidgets/Content/AudioMaterialSlate/MI_AudioMaterialRoundedSlider.uasset" 1347
"../../../Engine/Plugins/Runtime/AudioWidgets/Content/AudioMaterialSlate/MI_AudioMaterialRoundedSlider.uexp" 1348
"../../../Engine/Plugins/Runtime/AudioWidgets/Content/AudioMaterialSlate/Functions/MF_SingleLine.uasset" 1349
"../../../Engine/Plugins/Runtime/AudioWidgets/Content/AudioMaterialSlate/Functions/MF_SingleLine.uexp" 1350
"../../../Engine/Plugins/Runtime/AudioWidgets/Content/AudioMaterialSlate/M_AudioMaterialToggleButton.uasset" 1351
"../../../Engine/Plugins/Runtime/AudioWidgets/Content/AudioMaterialSlate/M_AudioMaterialToggleButton.uexp" 1352
"../../../Engine/Plugins/Runtime/AudioWidgets/Content/AudioMaterialSlate/MI_AudioMaterialToggleButton.uasset" 1353
"../../../Engine/Plugins/Runtime/AudioWidgets/Content/AudioMaterialSlate/MI_AudioMaterialToggleButton.uexp" 1354
"../../../Engine/Plugins/2D/Paper2D/Content/DefaultSpriteMaterial.uasset" 1355
"../../../Engine/Plugins/2D/Paper2D/Content/DefaultSpriteMaterial.uexp" 1356
"../../../Engine/Plugins/2D/Paper2D/Content/MaskedUnlitSpriteMaterial.uasset" 1357
"../../../Engine/Plugins/2D/Paper2D/Content/MaskedUnlitSpriteMaterial.uexp" 1358
"../../../Engine/Plugins/2D/Paper2D/Content/OpaqueUnlitSpriteMaterial.uasset" 1359
"../../../Engine/Plugins/2D/Paper2D/Content/OpaqueUnlitSpriteMaterial.uexp" 1360
"../../../Engine/Plugins/Media/MediaPlate/Content/SM_MediaPlateScreen.ubulk" 1361
"../../../Engine/Plugins/Media/MediaPlate/Content/SM_MediaPlateScreen.uasset" 1362
"../../../Engine/Plugins/Media/MediaPlate/Content/SM_MediaPlateScreen.uexp" 1363
"../../../Engine/Plugins/NNE/NNEDenoiser/Content/NNEDIM_ColorAlbedoNormal_Alpha.uasset" 1364
"../../../Engine/Plugins/NNE/NNEDenoiser/Content/NNEDIM_ColorAlbedoNormal_Alpha.uexp" 1365
"../../../Engine/Plugins/NNE/NNEDenoiser/Content/NNEDIM_ColorAlbedoNormal_Default.uasset" 1366
"../../../Engine/Plugins/NNE/NNEDenoiser/Content/NNEDIM_ColorAlbedoNormal_Default.uexp" 1367
"../../../Engine/Plugins/NNE/NNEDenoiser/Content/NNEDIM_HighQuality_Alpha.uasset" 1368
"../../../Engine/Plugins/NNE/NNEDenoiser/Content/NNEDIM_HighQuality_Alpha.uexp" 1369
"../../../Engine/Plugins/NNE/NNEDenoiser/Content/NNEDIM_HighQuality_Default.uasset" 1370
"../../../Engine/Plugins/NNE/NNEDenoiser/Content/NNEDIM_HighQuality_Default.uexp" 1371
"../../../Engine/Plugins/NNE/NNEDenoiser/Content/NNEDOM_Output_Alpha.uasset" 1372
"../../../Engine/Plugins/NNE/NNEDenoiser/Content/NNEDOM_Output_Alpha.uexp" 1373
"../../../Engine/Plugins/NNE/NNEDenoiser/Content/NNEDOM_Output_Default.uasset" 1374
"../../../Engine/Plugins/NNE/NNEDenoiser/Content/NNEDOM_Output_Default.uexp" 1375
"../../../Engine/Plugins/NNE/NNEDenoiser/Content/NNEDTIM_ColorAlbedoNormal_Alpha.uasset" 1376
"../../../Engine/Plugins/NNE/NNEDenoiser/Content/NNEDTIM_ColorAlbedoNormal_Alpha.uexp" 1377
"../../../Engine/Plugins/NNE/NNEDenoiser/Content/NNEDTIM_ColorAlbedoNormal_Default.uasset" 1378
"../../../Engine/Plugins/NNE/NNEDenoiser/Content/NNEDTIM_ColorAlbedoNormal_Default.uexp" 1379
"../../../Engine/Plugins/NNE/NNEDenoiser/Content/NNEDTOM_Output_Alpha.uasset" 1380
"../../../Engine/Plugins/NNE/NNEDenoiser/Content/NNEDTOM_Output_Alpha.uexp" 1381
"../../../Engine/Plugins/NNE/NNEDenoiser/Content/NNEDTOM_Output_Default.uasset" 1382
"../../../Engine/Plugins/NNE/NNEDenoiser/Content/NNEDTOM_Output_Default.uexp" 1383
"../../../Engine/Content/VREditor/TransformGizmo/Main.uasset" 1384
"../../../Engine/Content/VREditor/TransformGizmo/Main.uexp" 1385
"../../../Engine/Content/VREditor/TransformGizmo/Xray.uasset" 1386
"../../../Engine/Content/VREditor/TransformGizmo/Xray.uexp" 1387
"../../../Engine/Content/VREditor/TransformGizmo/SM_Sequencer_Node.ubulk" 1388
"../../../Engine/Content/VREditor/TransformGizmo/SM_Sequencer_Node.uasset" 1389
"../../../Engine/Content/VREditor/TransformGizmo/SM_Sequencer_Node.uexp" 1390
"../../../Engine/Content/VREditor/LaserPointer/VR_LaserPower_01.ubulk" 1391
"../../../Engine/Content/VREditor/LaserPointer/VR_LaserPower_01.uasset" 1392
"../../../Engine/Content/VREditor/LaserPointer/VR_LaserPower_01.uexp" 1393
"../../../Engine/Content/VREditor/TransformGizmo/TransformGizmoMaterial.uasset" 1394
"../../../Engine/Content/VREditor/TransformGizmo/TransformGizmoMaterial.uexp" 1395
"../../../Engine/Content/VREditor/TransformGizmo/TranslucentTransformGizmoMaterial.uasset" 1396
"../../../Engine/Content/VREditor/TransformGizmo/TranslucentTransformGizmoMaterial.uexp" 1397
"../../../Engine/Content/VREditor/TransformGizmo/BoundingBoxEdge.ubulk" 1398
"../../../Engine/Content/VREditor/TransformGizmo/BoundingBoxEdge.uasset" 1399
"../../../Engine/Content/VREditor/TransformGizmo/BoundingBoxEdge.uexp" 1400
"../../../Engine/Content/VREditor/TransformGizmo/BoundingBoxCorner.ubulk" 1401
"../../../Engine/Content/VREditor/TransformGizmo/BoundingBoxCorner.uasset" 1402
"../../../Engine/Content/VREditor/TransformGizmo/BoundingBoxCorner.uexp" 1403
"../../../Engine/Content/EditorMaterials/Camera/CineMat.uasset" 1404
"../../../Engine/Content/EditorMaterials/Camera/CineMat.uexp" 1405
"../../../Engine/Content/EditorMaterials/Camera/MI_CineMat_Rig.uasset" 1406
"../../../Engine/Content/EditorMaterials/Camera/MI_CineMat_Rig.uexp" 1407
"../../../Engine/Content/EditorMeshes/Camera/SM_RailRig_Track.ubulk" 1408
"../../../Engine/Content/EditorMeshes/Camera/SM_RailRig_Track.uasset" 1409
"../../../Engine/Content/EditorMeshes/Camera/SM_RailRig_Track.uexp" 1410
"../../../Engine/Content/EditorMeshes/Camera/SM_RailRig_Mount.ubulk" 1411
"../../../Engine/Content/EditorMeshes/Camera/SM_RailRig_Mount.uasset" 1412
"../../../Engine/Content/EditorMeshes/Camera/SM_RailRig_Mount.uexp" 1413
"../../../Engine/Content/EditorMeshes/Camera/SM_CraneRig_Mount.ubulk" 1414
"../../../Engine/Content/EditorMeshes/Camera/SM_CraneRig_Mount.uasset" 1415
"../../../Engine/Content/EditorMeshes/Camera/SM_CraneRig_Mount.uexp" 1416
"../../../Engine/Content/EditorMeshes/Camera/SM_CraneRig_Body.ubulk" 1417
"../../../Engine/Content/EditorMeshes/Camera/SM_CraneRig_Body.uasset" 1418
"../../../Engine/Content/EditorMeshes/Camera/SM_CraneRig_Body.uexp" 1419
"../../../Engine/Content/EditorMeshes/Camera/SM_CraneRig_Base.ubulk" 1420
"../../../Engine/Content/EditorMeshes/Camera/SM_CraneRig_Base.uasset" 1421
"../../../Engine/Content/EditorMeshes/Camera/SM_CraneRig_Base.uexp" 1422
"../../../Engine/Content/EditorMeshes/Camera/SM_CraneRig_Arm.ubulk" 1423
"../../../Engine/Content/EditorMeshes/Camera/SM_CraneRig_Arm.uasset" 1424
"../../../Engine/Content/EditorMeshes/Camera/SM_CraneRig_Arm.uexp" 1425
"../../../Engine/Content/ArtTools/RenderToTexture/Meshes/S_1_Unit_Plane.ubulk" 1426
"../../../Engine/Content/ArtTools/RenderToTexture/Meshes/S_1_Unit_Plane.uasset" 1427
"../../../Engine/Content/ArtTools/RenderToTexture/Meshes/S_1_Unit_Plane.uexp" 1428
"../../../Engine/Plugins/NNE/NNEDenoiser/Content/NNE_oidn2-3-0_rt_hdr_calb_cnrm_large__dyn__fp16_opset11_ForwardAlpha.uasset" 1429
"../../../Engine/Plugins/NNE/NNEDenoiser/Content/NNE_oidn2-3-0_rt_hdr_calb_cnrm_large__dyn__fp16_opset11_ForwardAlpha.uexp" 1430
"../../../Engine/Plugins/NNE/NNEDenoiser/Content/NNE_oidn2-3-0_rt_hdr_calb_cnrm_large__dyn__fp16_opset11_DenoiseAlpha.uasset" 1431
"../../../Engine/Plugins/NNE/NNEDenoiser/Content/NNE_oidn2-3-0_rt_hdr_calb_cnrm_large__dyn__fp16_opset11_DenoiseAlpha.uexp" 1432
"../../../Engine/Plugins/NNE/NNEDenoiser/Content/NNE_oidn2-3-0_rt_hdr_alb_nrm__dyn__fp16_opset11_ForwardAlpha.uasset" 1433
"../../../Engine/Plugins/NNE/NNEDenoiser/Content/NNE_oidn2-3-0_rt_hdr_alb_nrm__dyn__fp16_opset11_ForwardAlpha.uexp" 1434
"../../../Engine/Plugins/NNE/NNEDenoiser/Content/NNE_oidn2-3-0_rt_hdr_alb_nrm__dyn__fp16_opset11_DenoiseAlpha.uasset" 1435
"../../../Engine/Plugins/NNE/NNEDenoiser/Content/NNE_oidn2-3-0_rt_hdr_alb_nrm__dyn__fp16_opset11_DenoiseAlpha.uexp" 1436
"../../../Engine/Plugins/NNE/NNEDenoiser/Content/NNE_oidn2-3-0_rt_hdr_alb_nrm_small__dyn__fp16_opset11_ForwardAlpha.uasset" 1437
"../../../Engine/Plugins/NNE/NNEDenoiser/Content/NNE_oidn2-3-0_rt_hdr_alb_nrm_small__dyn__fp16_opset11_ForwardAlpha.uexp" 1438
"../../../Engine/Plugins/NNE/NNEDenoiser/Content/NNE_oidn2-3-0_rt_hdr_alb_nrm_small__dyn__fp16_opset11_DenoiseAlpha.uasset" 1439
"../../../Engine/Plugins/NNE/NNEDenoiser/Content/NNE_oidn2-3-0_rt_hdr_alb_nrm_small__dyn__fp16_opset11_DenoiseAlpha.uexp" 1440
"../../../Engine/Plugins/NNE/NNEDenoiser/Content/NNED_Oidn2-3_HighQuality_Alpha.uasset" 1441
"../../../Engine/Plugins/NNE/NNEDenoiser/Content/NNED_Oidn2-3_HighQuality_Alpha.uexp" 1442
"../../../Engine/Plugins/NNE/NNEDenoiser/Content/NNED_Oidn2-3_HighQuality.uasset" 1443
"../../../Engine/Plugins/NNE/NNEDenoiser/Content/NNED_Oidn2-3_HighQuality.uexp" 1444
"../../../Engine/Plugins/NNE/NNEDenoiser/Content/NNED_Oidn2-3_Fast_Alpha.uasset" 1445
"../../../Engine/Plugins/NNE/NNEDenoiser/Content/NNED_Oidn2-3_Fast_Alpha.uexp" 1446
"../../../Engine/Plugins/NNE/NNEDenoiser/Content/NNED_Oidn2-3_Fast.uasset" 1447
"../../../Engine/Plugins/NNE/NNEDenoiser/Content/NNED_Oidn2-3_Fast.uexp" 1448
"../../../Engine/Plugins/NNE/NNEDenoiser/Content/NNED_Oidn2-3_Balanced_Alpha.uasset" 1449
"../../../Engine/Plugins/NNE/NNEDenoiser/Content/NNED_Oidn2-3_Balanced_Alpha.uexp" 1450
"../../../Engine/Plugins/NNE/NNEDenoiser/Content/NNED_Oidn2-3_Balanced.uasset" 1451
"../../../Engine/Plugins/NNE/NNEDenoiser/Content/NNED_Oidn2-3_Balanced.uexp" 1452
"../../../Engine/Plugins/NNE/NNEDenoiser/Content/NNEDT_Oidn2-3_Balanced_Alpha.uasset" 1453
"../../../Engine/Plugins/NNE/NNEDenoiser/Content/NNEDT_Oidn2-3_Balanced_Alpha.uexp" 1454
"../../../Engine/Plugins/NNE/NNEDenoiser/Content/NNEDT_Oidn2-3_Balanced.uasset" 1455
"../../../Engine/Plugins/NNE/NNEDenoiser/Content/NNEDT_Oidn2-3_Balanced.uexp" 1456
"../../../Engine/Plugins/Animation/DeformerGraph/Content/Deformers/DG_LinearBlendSkin_Morph_Cloth_RecomputeNormals.uasset" 1457
"../../../Engine/Plugins/Animation/DeformerGraph/Content/Deformers/DG_LinearBlendSkin_Morph_Cloth_RecomputeNormals.uexp" 1458
"../../../Engine/Plugins/Animation/DeformerGraph/Content/Deformers/DG_LinearBlendSkin_Morph_Cloth.uasset" 1459
"../../../Engine/Plugins/Animation/DeformerGraph/Content/Deformers/DG_LinearBlendSkin_Morph_Cloth.uexp" 1460
"../../../Engine/Plugins/Animation/DeformerGraph/Content/DeformerFunctions/DG_Function_LinearBlendSkin_Morph_Cloth_PositionOnly.uasset" 1461
"../../../Engine/Plugins/Animation/DeformerGraph/Content/DeformerFunctions/DG_Function_LinearBlendSkin_Morph_Cloth_PositionOnly.uexp" 1462
"../../../Engine/Plugins/Animation/DeformerGraph/Content/DeformerFunctions/DG_Function_LinearBlendSkin_Morph_Cloth.uasset" 1463
"../../../Engine/Plugins/Animation/DeformerGraph/Content/DeformerFunctions/DG_Function_LinearBlendSkin_Morph_Cloth.uexp" 1464
"../../../Engine/Plugins/Animation/DeformerGraph/Content/DeformerFunctions/DG_Function_ComputeNormalsTangents.uasset" 1465
"../../../Engine/Plugins/Animation/DeformerGraph/Content/DeformerFunctions/DG_Function_ComputeNormalsTangents.uexp" 1466
"../../../Engine/Content/VREditor/TransformGizmo/StartRotationHandleIndicator.ubulk" 1467
"../../../Engine/Content/VREditor/TransformGizmo/StartRotationHandleIndicator.uasset" 1468
"../../../Engine/Content/VREditor/TransformGizmo/StartRotationHandleIndicator.uexp" 1469
"../../../Engine/Content/VREditor/Sounds/UI/Drop_Item_From_ContentBrowser.ubulk" 1470
"../../../Engine/Content/VREditor/Sounds/UI/Drop_Item_From_ContentBrowser.uasset" 1471
"../../../Engine/Content/VREditor/Sounds/UI/Drop_Item_From_ContentBrowser.uexp" 1472
"../../../Engine/Content/VREditor/TransformGizmo/PlaneTranslationHandle.ubulk" 1473
"../../../Engine/Content/VREditor/TransformGizmo/PlaneTranslationHandle.uasset" 1474
"../../../Engine/Content/VREditor/TransformGizmo/PlaneTranslationHandle.uexp" 1475
"../../../Engine/Content/VREditor/Sounds/UI/Object_Snaps_To_Grid.ubulk" 1476
"../../../Engine/Content/VREditor/Sounds/UI/Object_Snaps_To_Grid.uasset" 1477
"../../../Engine/Content/VREditor/Sounds/UI/Object_Snaps_To_Grid.uexp" 1478
"../../../Engine/Content/VREditor/Sounds/UI/Selection_Changes.ubulk" 1479
"../../../Engine/Content/VREditor/Sounds/UI/Selection_Changes.uasset" 1480
"../../../Engine/Content/VREditor/Sounds/UI/Selection_Changes.uexp" 1481
"../../../Engine/Content/VREditor/Sounds/UI/Object_Snaps_To_Another_Actor.ubulk" 1482
"../../../Engine/Content/VREditor/Sounds/UI/Object_Snaps_To_Another_Actor.uasset" 1483
"../../../Engine/Content/VREditor/Sounds/UI/Object_Snaps_To_Another_Actor.uexp" 1484
"../../../Engine/Content/VREditor/TransformGizmo/TranslucentTransformGizmoMaterial_Inst.uasset" 1485
"../../../Engine/Content/VREditor/TransformGizmo/TranslucentTransformGizmoMaterial_Inst.uexp" 1486
"../../../Engine/Content/VREditor/TransformGizmo/TransformGizmoFreeRotation.ubulk" 1487
"../../../Engine/Content/VREditor/TransformGizmo/TransformGizmoFreeRotation.uasset" 1488
"../../../Engine/Content/VREditor/TransformGizmo/TransformGizmoFreeRotation.uexp" 1489
"../../../Engine/Content/VREditor/Sounds/UI/Scaling_Down.ubulk" 1490
"../../../Engine/Content/VREditor/Sounds/UI/Scaling_Down.uasset" 1491
"../../../Engine/Content/VREditor/Sounds/UI/Scaling_Down.uexp" 1492
"../../../Engine/Content/Functions/Engine_MaterialFunctions02/SplitComponents.uasset" 1493
"../../../Engine/Content/Functions/Engine_MaterialFunctions02/SplitComponents.uexp" 1494
"../../../Engine/Content/VREditor/SnapGrid/SnapGridMaterial.uasset" 1495
"../../../Engine/Content/VREditor/SnapGrid/SnapGridMaterial.uexp" 1496
"../../../Engine/Content/VREditor/SnapGrid/SnapGridPlaneMesh.ubulk" 1497
"../../../Engine/Content/VREditor/SnapGrid/SnapGridPlaneMesh.uasset" 1498
"../../../Engine/Content/VREditor/SnapGrid/SnapGridPlaneMesh.uexp" 1499
"../../../Engine/Content/VREditor/Sounds/UI/Scaling_Up.ubulk" 1500
"../../../Engine/Content/VREditor/Sounds/UI/Scaling_Up.uasset" 1501
"../../../Engine/Content/VREditor/Sounds/UI/Scaling_Up.uexp" 1502
"../../../Engine/Content/VREditor/TransformGizmo/TransformGizmoMaterial_Inst.uasset" 1503
"../../../Engine/Content/VREditor/TransformGizmo/TransformGizmoMaterial_Inst.uexp" 1504
"../../../Engine/Content/VREditor/Sounds/UI/Gizmo_Handle_Clicked.ubulk" 1505
"../../../Engine/Content/VREditor/Sounds/UI/Gizmo_Handle_Clicked.uasset" 1506
"../../../Engine/Content/VREditor/Sounds/UI/Gizmo_Handle_Clicked.uexp" 1507
"../../../Engine/Content/VREditor/TransformGizmo/RotationHandleQuarter.ubulk" 1508
"../../../Engine/Content/VREditor/TransformGizmo/RotationHandleQuarter.uasset" 1509
"../../../Engine/Content/VREditor/TransformGizmo/RotationHandleQuarter.uexp" 1510
"../../../Engine/Content/VREditor/TransformGizmo/TranslateArrowHandle.ubulk" 1511
"../../../Engine/Content/VREditor/TransformGizmo/TranslateArrowHandle.uasset" 1512
"../../../Engine/Content/VREditor/TransformGizmo/TranslateArrowHandle.uexp" 1513
"../../../Engine/Content/VREditor/TransformGizmo/RotationHandleIndicator.ubulk" 1514
"../../../Engine/Content/VREditor/TransformGizmo/RotationHandleIndicator.uasset" 1515
"../../../Engine/Content/VREditor/TransformGizmo/RotationHandleIndicator.uexp" 1516
"../../../Engine/Content/VREditor/TransformGizmo/UniformScaleHandle.ubulk" 1517
"../../../Engine/Content/VREditor/TransformGizmo/UniformScaleHandle.uasset" 1518
"../../../Engine/Content/VREditor/TransformGizmo/UniformScaleHandle.uexp" 1519
"../../../Engine/Content/VREditor/TransformGizmo/RotationHandleFull.ubulk" 1520
"../../../Engine/Content/VREditor/TransformGizmo/RotationHandleFull.uasset" 1521
"../../../Engine/Content/VREditor/TransformGizmo/RotationHandleFull.uexp" 1522
"../../../Engine/Content/VREditor/Sounds/UI/Object_PickUp.ubulk" 1523
"../../../Engine/Content/VREditor/Sounds/UI/Object_PickUp.uasset" 1524
"../../../Engine/Content/VREditor/Sounds/UI/Object_PickUp.uexp" 1525
"../../../Engine/Content/EngineResources/LandscapeVisibilityLayerInfo.uasset" 1526
"../../../Engine/Content/EngineResources/LandscapeVisibilityLayerInfo.uexp" 1527
"../../../Engine/Content/EngineMaterials/BlendFunc_DefBlend.uasset" 1528
"../../../Engine/Content/EngineMaterials/BlendFunc_DefBlend.uexp" 1529
"../../../Engine/Content/OpenWorldTemplate/LandscapeMaterial/T_GridChecker_A.ubulk" 1530
"../../../Engine/Content/OpenWorldTemplate/LandscapeMaterial/T_GridChecker_A.uasset" 1531
"../../../Engine/Content/OpenWorldTemplate/LandscapeMaterial/T_GridChecker_A.uexp" 1532
"../../../Engine/Content/EngineMaterials/BlendFunc_DefBase.uasset" 1533
"../../../Engine/Content/EngineMaterials/BlendFunc_DefBase.uexp" 1534
"../../../Engine/Content/Functions/Engine_MaterialFunctions03/Blends/Blend_Overlay.uasset" 1535
"../../../Engine/Content/Functions/Engine_MaterialFunctions03/Blends/Blend_Overlay.uexp" 1536
"../../../Engine/Content/OpenWorldTemplate/LandscapeMaterial/MF_ProcGrid.uasset" 1537
"../../../Engine/Content/OpenWorldTemplate/LandscapeMaterial/MF_ProcGrid.uexp" 1538
"../../../Engine/Content/OpenWorldTemplate/LandscapeMaterial/M_ProcGrid.uasset" 1539
"../../../Engine/Content/OpenWorldTemplate/LandscapeMaterial/M_ProcGrid.uexp" 1540
"../../../Engine/Content/OpenWorldTemplate/LandscapeMaterial/MI_ProcGrid.uasset" 1541
"../../../Engine/Content/OpenWorldTemplate/LandscapeMaterial/MI_ProcGrid.uexp" 1542
"../../../Engine/Content/BasicShapes/BasicShapeMaterial.uasset" 1543
"../../../Engine/Content/BasicShapes/BasicShapeMaterial.uexp" 1544
"C:/Users/oleor/Documents/GitHub/Projects/MayProject/UE_Grapple2/Content/LevelPrototyping/Materials/MI_PrototypeGrid_TopDark.uasset" 1545
"C:/Users/oleor/Documents/GitHub/Projects/MayProject/UE_Grapple2/Content/LevelPrototyping/Materials/MI_PrototypeGrid_TopDark.uexp" 1546
"../../../Engine/Content/EngineSky/T_Sky_Stars.ubulk" 1547
"../../../Engine/Content/EngineSky/T_Sky_Stars.uasset" 1548
"../../../Engine/Content/EngineSky/T_Sky_Stars.uexp" 1549
"../../../Engine/Content/EngineSky/T_Sky_Clouds_M.ubulk" 1550
"../../../Engine/Content/EngineSky/T_Sky_Clouds_M.uasset" 1551
"../../../Engine/Content/EngineSky/T_Sky_Clouds_M.uexp" 1552
"../../../Engine/Content/EngineSky/T_Sky_Blue.ubulk" 1553
"../../../Engine/Content/EngineSky/T_Sky_Blue.uasset" 1554
"../../../Engine/Content/EngineSky/T_Sky_Blue.uexp" 1555
"../../../Engine/Content/EngineSky/M_Sky_Panning_Clouds2.uasset" 1556
"../../../Engine/Content/EngineSky/M_Sky_Panning_Clouds2.uexp" 1557
"../../../Engine/Content/EngineSky/SM_SkySphere.ubulk" 1558
"../../../Engine/Content/EngineSky/SM_SkySphere.uasset" 1559
"../../../Engine/Content/EngineSky/SM_SkySphere.uexp" 1560
"../../../Engine/Content/EngineSky/M_SimpleSkyDome.uasset" 1561
"../../../Engine/Content/EngineSky/M_SimpleSkyDome.uexp" 1562
"C:/Users/oleor/Documents/GitHub/Projects/MayProject/UE_Grapple2/Content/Grapple/BP_GrappleGameMode.uasset" 1563
"C:/Users/oleor/Documents/GitHub/Projects/MayProject/UE_Grapple2/Content/Grapple/BP_GrappleGameMode.uexp" 1564
"C:/Users/oleor/Documents/GitHub/Projects/MayProject/UE_Grapple2/Content/Grapple/Onboarding/MI_GlowWhite.uasset" 1565
"C:/Users/oleor/Documents/GitHub/Projects/MayProject/UE_Grapple2/Content/Grapple/Onboarding/MI_GlowWhite.uexp" 1566
"C:/Users/oleor/Documents/GitHub/Projects/MayProject/UE_Grapple2/Content/Grapple/Onboarding/NS_SquareBeam.uasset" 1567
"C:/Users/oleor/Documents/GitHub/Projects/MayProject/UE_Grapple2/Content/Grapple/Onboarding/NS_SquareBeam.uexp" 1568
"C:/Users/oleor/Documents/GitHub/Projects/MayProject/UE_Grapple2/Content/Grapple/BasicMaterial/DefaultTextMaterialEmissive.uasset" 1569
"C:/Users/oleor/Documents/GitHub/Projects/MayProject/UE_Grapple2/Content/Grapple/BasicMaterial/DefaultTextMaterialEmissive.uexp" 1570
"C:/Users/oleor/Documents/GitHub/Projects/MayProject/UE_Grapple2/Content/Grapple/Onboarding/BP_Triggerable.uasset" 1571
"C:/Users/oleor/Documents/GitHub/Projects/MayProject/UE_Grapple2/Content/Grapple/Onboarding/BP_Triggerable.uexp" 1572
"C:/Users/oleor/Documents/GitHub/Projects/MayProject/UE_Grapple2/Content/Grapple/Onboarding/BP_PopupText.uasset" 1573
"C:/Users/oleor/Documents/GitHub/Projects/MayProject/UE_Grapple2/Content/Grapple/Onboarding/BP_PopupText.uexp" 1574
"../../../Engine/Content/EngineResources/GrayDarkTextureCube.uasset" 1575
"../../../Engine/Content/EngineResources/GrayDarkTextureCube.uexp" 1576
"C:/Users/oleor/Documents/GitHub/Projects/MayProject/UE_Grapple2/Content/Grapple/Onboarding/BP_RespawnPoint.uasset" 1577
"C:/Users/oleor/Documents/GitHub/Projects/MayProject/UE_Grapple2/Content/Grapple/Onboarding/BP_RespawnPoint.uexp" 1578
"C:/Users/oleor/Documents/GitHub/Projects/MayProject/UE_Grapple2/Content/Grapple/Onboarding/BP_ActorMover.uasset" 1579
"C:/Users/oleor/Documents/GitHub/Projects/MayProject/UE_Grapple2/Content/Grapple/Onboarding/BP_ActorMover.uexp" 1580
"C:/Users/oleor/Documents/GitHub/Projects/MayProject/UE_Grapple2/Content/Grapple/M_Grid.uasset" 1581
"C:/Users/oleor/Documents/GitHub/Projects/MayProject/UE_Grapple2/Content/Grapple/M_Grid.uexp" 1582
"C:/Users/oleor/Documents/GitHub/Projects/MayProject/UE_Grapple2/Content/Grapple/Onboarding/Sparks/ElectricSpark.uasset" 1583
"C:/Users/oleor/Documents/GitHub/Projects/MayProject/UE_Grapple2/Content/Grapple/Onboarding/Sparks/ElectricSpark.uexp" 1584
"C:/Users/oleor/Documents/GitHub/Projects/MayProject/UE_Grapple2/Content/Grapple/Onboarding/Sparks/M_ElectricSparks.uasset" 1585
"C:/Users/oleor/Documents/GitHub/Projects/MayProject/UE_Grapple2/Content/Grapple/Onboarding/Sparks/M_ElectricSparks.uexp" 1586
"C:/Users/oleor/Documents/GitHub/Projects/MayProject/UE_Grapple2/Content/Grapple/Onboarding/Sparks/NS_ElectricSparks.uasset" 1587
"C:/Users/oleor/Documents/GitHub/Projects/MayProject/UE_Grapple2/Content/Grapple/Onboarding/Sparks/NS_ElectricSparks.uexp" 1588
"../../../Engine/Content/Functions/Engine_MaterialFunctions02/WorldPositionOffset/V2/ObjectScale.uasset" 1589
"../../../Engine/Content/Functions/Engine_MaterialFunctions02/WorldPositionOffset/V2/ObjectScale.uexp" 1590
"C:/Users/oleor/Documents/GitHub/Projects/MayProject/UE_Grapple2/Content/Grapple/Onboarding/M_DangerZone.uasset" 1591
"C:/Users/oleor/Documents/GitHub/Projects/MayProject/UE_Grapple2/Content/Grapple/Onboarding/M_DangerZone.uexp" 1592
"C:/Users/oleor/Documents/GitHub/Projects/MayProject/UE_Grapple2/Content/Grapple/Onboarding/BP_PlayerTrigger.uasset" 1593
"C:/Users/oleor/Documents/GitHub/Projects/MayProject/UE_Grapple2/Content/Grapple/Onboarding/BP_PlayerTrigger.uexp" 1594
"C:/Users/oleor/Documents/GitHub/Projects/MayProject/UE_Grapple2/Content/Grapple/Onboarding/BP_DangerZone.uasset" 1595
"C:/Users/oleor/Documents/GitHub/Projects/MayProject/UE_Grapple2/Content/Grapple/Onboarding/BP_DangerZone.uexp" 1596
"C:/Users/oleor/Documents/GitHub/Projects/MayProject/UE_Grapple2/Content/Grapple/Onboarding/OnboardingMap.uexp" 1597
"C:/Users/oleor/Documents/GitHub/Projects/MayProject/UE_Grapple2/Content/Grapple/Onboarding/OnboardingMap.umap" 1598
"C:/Users/oleor/Documents/GitHub/Projects/MayProject/UE_Grapple2/Content/ThirdPerson/Maps/ThirdPersonMap.uexp" 1599
"C:/Users/oleor/Documents/GitHub/Projects/MayProject/UE_Grapple2/Content/ThirdPerson/Maps/ThirdPersonMap.umap" 1600
"../../../Engine/Content/Maps/Entry_BuiltData.uasset" 1601
"../../../Engine/Content/Maps/Entry_BuiltData.uexp" 1602
"../../../Engine/Content/Maps/Entry.uexp" 1603
"../../../Engine/Content/Maps/Entry.umap" 1604
"C:/Users/oleor/Documents/GitHub/Projects/MayProject/UE_Grapple2/Content/Grapple/MainMenu/BP_MainMenuWidget.uasset" 1605
"C:/Users/oleor/Documents/GitHub/Projects/MayProject/UE_Grapple2/Content/Grapple/MainMenu/BP_MainMenuWidget.uexp" 1606
"C:/Users/oleor/Documents/GitHub/Projects/MayProject/UE_Grapple2/Content/Grapple/MainMenu/BP_MainMenuGameMode.uasset" 1607
"C:/Users/oleor/Documents/GitHub/Projects/MayProject/UE_Grapple2/Content/Grapple/MainMenu/BP_MainMenuGameMode.uexp" 1608
"C:/Users/oleor/Documents/GitHub/Projects/MayProject/UE_Grapple2/Content/Grapple/MainMenu/MenuMap.uexp" 1609
"C:/Users/oleor/Documents/GitHub/Projects/MayProject/UE_Grapple2/Content/Grapple/MainMenu/MenuMap.umap" 1610
